id,name,age,email,country,salary,hire_date,department,active,score,purchases,rating,notes
1,Alice,23,alice@example.com,UK,31271.56,2016-02-02,Marketing,true,13.75,1,1.0,
2,Bob,24,bob@example.com,France,32543.12,2017-03-03,Sales,true,27.5,2,1.5,
3,Charlie,25,charlie@example.com,Germany,33814.68,2018-04-04,HR,true,41.25,3,2.0,
4,Diana,26,diana@example.com,Canada,35086.24,2019-05-05,Finance,true,55,4,2.5,
5,Eve,27,eve@example.com,Australia,36357.8,2020-06-06,Operations,true,65,5,3.0,
6,Frank,28,frank@example.com,Japan,37629.36,2021-07-07,Legal,true,78.75,6,3.5,
7,Grace,29,grace@example.com,Brazil,30259,2022-08-08,Product,true,92.5,7,4.0,flagged for review
8,Hank,30,hank@example.com,India,31530.56,2023-09-09,Design,true,6.25,8,4.5,
9,Iris,31,iris@example.com,Mexico,32802.12,2024-10-10,Support,true,20,9,5.0,
10,Jake,32,jake@example.com,Spain,34073.68,2015-11-11,Engineering,true,30,10,,
11,Karen,33,karen@example.com,Italy,35345.24,2016-12-12,Marketing,false,43.75,11,1.0,
12,Leo,34,leo@example.com,Netherlands,36616.8,2017-01-13,Sales,true,57.5,12,1.5,
13,Mia,35,mia@example.com,Sweden,37888.36,2018-02-14,HR,true,71.25,0,2.0,
14,Noah,36,noah@example.com,Norway,30518,2019-03-15,Finance,true,85,14,2.5,flagged for review
15,Olivia,37,olivia@example.com,Denmark,31789.56,2020-04-16,Operations,true,95,15,3.0,
16,Paul,38,paul@example.com,Poland,33061.12,2021-05-17,Legal,true,8.75,16,3.5,
17,Quinn,,quinn@example.com,Argentina,34332.68,2022-06-18,Product,true,22.5,17,4.0,
18,Rachel,40,rachel@example.com,South Korea,35604.24,2023-07-19,Design,true,36.25,18,4.5,
19,Sam,41,sam@example.com,Portugal,36875.8,2024-08-20,Support,true,,19,5.0,
20,Tara,42,tara@example.com,USA,38147.36,2015-09-21,Engineering,true,60,20,,
21,Uma,43,uma@example.com,UK,30777,2016-10-22,Marketing,true,73.75,21,1.0,flagged for review
22,Victor,44,victor@example.com,France,32048.56,2017-11-23,Sales,false,87.5,22,1.5,
23,Wendy,45,,Germany,33320.12,2018-12-24,HR,true,101.25,23,2.0,
24,Xander,46,xander@example.com,Canada,34591.68,2019-01-25,Finance,true,15,24,2.5,
25,Yara,47,yara@example.com,Australia,35863.24,2020-02-26,Operations,true,25,25,3.0,
26,Zoe,48,zoe@example.com,Japan,37134.8,2021-03-27,Legal,true,38.75,0,3.5,
27,Aaron,49,aaron@example.com,Brazil,38406.36,2022-04-28,Product,true,52.5,27,4.0,
28,Bella,50,bella@example.com,India,31036,2023-05-01,Design,true,66.25,28,4.5,flagged for review
29,Carl,51,carl@example.com,Mexico,32307.56,2024-06-02,Support,true,80,29,5.0,VIP customer
30,Dora,52,dora@example.com,Spain,33579.12,2015-07-03,Engineering,true,90,30,,
31,Eli,53,eli@example.com,Italy,,2016-08-04,Marketing,true,3.75,31,1.0,
32,Fiona,54,fiona@example.com,Netherlands,36122.24,2017-09-05,Sales,true,17.5,32,1.5,
33,George,55,george@example.com,Sweden,37393.8,2018-10-06,HR,false,31.25,33,2.0,
34,Helen,,helen@example.com,Norway,38665.36,2019-11-07,Finance,true,45,34,2.5,
35,Ivan,57,ivan@example.com,Denmark,31295,2020-12-08,Operations,true,55,35,3.0,flagged for review
36,Julia,58,julia@example.com,Poland,32566.56,2021-01-09,Legal,true,68.75,36,3.5,
37,Kyle,59,kyle@example.com,Argentina,33838.12,2022-02-10,Product,true,82.5,37,4.0,
38,Luna,60,luna@example.com,South Korea,35109.68,2023-03-11,Design,true,,38,4.5,
39,Max,61,max@example.com,Portugal,36381.24,2024-04-12,Support,true,10,0,5.0,
40,Nina,62,nina@example.com,USA,37652.8,2015-05-13,Engineering,true,20,40,,
41,Alice41,63,alice41@example.com,UK,38924.36,2016-06-14,Marketing,true,33.75,41,1.0,
42,Bob42,64,bob42@example.com,France,31554,2017-07-15,Sales,true,47.5,42,1.5,flagged for review
43,Charlie43,22,charlie43@example.com,Germany,32825.56,2018-08-16,HR,true,61.25,43,2.0,
44,Diana44,23,diana44@example.com,Canada,34097.12,2019-09-17,Finance,false,75,44,2.5,
45,Eve45,24,eve45@example.com,Australia,35368.68,2020-10-18,Operations,true,85,45,3.0,
46,Frank46,25,,Japan,36640.24,2021-11-19,Legal,true,98.75,46,3.5,
47,Grace47,26,grace47@example.com,Brazil,37911.8,2022-12-20,Product,true,12.5,47,4.0,
48,Hank48,27,hank48@example.com,India,39183.36,2023-01-21,Design,true,26.25,48,4.5,
49,Iris49,28,iris49@example.com,Mexico,31813,2024-02-22,Support,true,40,49,5.0,flagged for review
50,Jake50,29,jake50@example.com,Spain,999999,2015-03-23,Engineering,true,50,50,,
51,Karen51,,karen51@example.com,Italy,34356.12,2016-04-24,Marketing,true,63.75,51,1.0,
52,Leo52,31,leo52@example.com,Netherlands,35627.68,2017-05-25,Sales,true,77.5,0,1.5,
53,Mia53,32,mia53@example.com,Sweden,36899.24,2018-06-26,HR,true,91.25,53,2.0,
54,Noah54,33,noah54@example.com,Norway,38170.8,2019-07-27,Finance,true,5,54,2.5,
55,Olivia55,34,olivia55@example.com,Denmark,39442.36,2020-08-28,Operations,false,15,55,3.0,
56,Paul56,35,paul56@example.com,Poland,32072,2021-09-01,Legal,true,28.75,56,3.5,flagged for review
57,Quinn57,36,quinn57@example.com,Argentina,33343.56,2022-10-02,Product,true,,57,4.0,
58,Rachel58,37,rachel58@example.com,South Korea,34615.12,2023-11-03,Design,true,56.25,58,4.5,VIP customer
59,Sam59,38,sam59@example.com,Portugal,35886.68,2024-12-04,Support,true,70,59,5.0,
60,Tara60,39,tara60@example.com,USA,37158.24,2015-01-05,Engineering,true,80,60,,
61,Uma61,40,uma61@example.com,UK,38429.8,2016-02-06,Marketing,true,93.75,61,1.0,
62,Victor62,41,victor62@example.com,France,,2017-03-07,Sales,true,7.5,62,1.5,
63,Wendy63,42,wendy63@example.com,Germany,32331,2018-04-08,HR,true,21.25,63,2.0,flagged for review
64,Xander64,43,xander64@example.com,Canada,33602.56,2019-05-09,Finance,true,35,64,2.5,
65,Yara65,44,yara65@example.com,Australia,34874.12,2020-06-10,Operations,true,45,0,3.0,
66,Zoe66,45,zoe66@example.com,Japan,36145.68,2021-07-11,Legal,false,58.75,66,3.5,
67,Aaron67,46,aaron67@example.com,Brazil,37417.24,2022-08-12,Product,true,72.5,67,4.0,
68,Bella68,,bella68@example.com,India,38688.8,2023-09-13,Design,true,86.25,68,4.5,
69,Carl69,48,,Mexico,39960.36,2024-10-14,Support,true,100,69,5.0,
70,Dora70,49,dora70@example.com,Spain,32590,2015-11-15,Engineering,true,10,70,,flagged for review
71,Eli71,50,eli71@example.com,Italy,33861.56,2016-12-16,Marketing,true,23.75,71,1.0,
72,Fiona72,51,fiona72@example.com,Netherlands,35133.12,2017-01-17,Sales,true,37.5,72,1.5,
73,George73,52,george73@example.com,Sweden,36404.68,2018-02-18,HR,true,51.25,73,2.0,
74,Helen74,53,helen74@example.com,Norway,37676.24,2019-03-19,Finance,true,65,74,2.5,
75,Ivan75,54,ivan75@example.com,Denmark,38947.8,2020-04-20,Operations,true,75,75,3.0,
76,Julia76,55,julia76@example.com,Poland,40219.36,2021-05-21,Legal,true,,76,3.5,
77,Kyle77,56,kyle77@example.com,Argentina,32849,2022-06-22,Product,false,2.5,77,4.0,flagged for review
78,Luna78,57,luna78@example.com,South Korea,34120.56,2023-07-23,Design,true,16.25,0,4.5,
79,Max79,58,max79@example.com,Portugal,35392.12,2024-08-24,Support,true,30,79,5.0,
80,Nina80,59,nina80@example.com,USA,36663.68,2015-09-25,Engineering,true,40,80,,
81,Alice81,60,alice81@example.com,UK,37935.24,2016-10-26,Marketing,true,53.75,81,1.0,
82,Bob82,61,bob82@example.com,France,39206.8,2017-11-27,Sales,true,67.5,82,1.5,
83,Charlie83,62,charlie83@example.com,Germany,40478.36,2018-12-28,HR,true,81.25,83,2.0,
84,Diana84,63,diana84@example.com,Canada,33108,2019-01-01,Finance,true,95,84,2.5,flagged for review
85,Eve85,,eve85@example.com,Australia,34379.56,2020-02-02,Operations,true,5,85,3.0,
86,Frank86,22,frank86@example.com,Japan,35651.12,2021-03-03,Legal,true,18.75,86,3.5,
87,Grace87,23,grace87@example.com,Brazil,36922.68,2022-04-04,Product,true,32.5,87,4.0,VIP customer
88,Hank88,24,hank88@example.com,India,38194.24,2023-05-05,Design,false,46.25,88,4.5,
89,Iris89,25,iris89@example.com,Mexico,39465.8,2024-06-06,Support,true,60,89,5.0,
90,Jake90,26,jake90@example.com,Spain,40737.36,2015-07-07,Engineering,true,70,90,,
91,Karen91,27,karen91@example.com,Italy,33367,2016-08-08,Marketing,true,83.75,0,1.0,flagged for review
92,Leo92,28,,Netherlands,34638.56,2017-09-09,Sales,true,97.5,92,1.5,
93,Mia93,29,mia93@example.com,Sweden,,2018-10-10,HR,true,11.25,93,2.0,
94,Noah94,30,noah94@example.com,Norway,37181.68,2019-11-11,Finance,true,25,94,2.5,
95,Olivia95,31,olivia95@example.com,Denmark,38453.24,2020-12-12,Operations,true,,95,3.0,
96,Paul96,32,paul96@example.com,Poland,39724.8,2021-01-13,Legal,true,48.75,96,3.5,
97,Quinn97,33,quinn97@example.com,Argentina,40996.36,2022-02-14,Product,true,62.5,97,4.0,
98,Rachel98,34,rachel98@example.com,South Korea,33626,2023-03-15,Design,true,76.25,98,4.5,flagged for review
99,Sam99,35,sam99@example.com,Portugal,34897.56,2024-04-16,Support,false,90,99,5.0,
100,Tara100,36,tara100@example.com,USA,999999,2015-05-17,Engineering,true,0,100,,
101,Uma101,37,uma101@example.com,UK,37440.68,2016-06-18,Marketing,true,13.75,101,1.0,
102,Victor102,,victor102@example.com,France,38712.24,2017-07-19,Sales,true,27.5,102,1.5,
103,Wendy103,39,wendy103@example.com,Germany,39983.8,2018-08-20,HR,true,41.25,103,2.0,
104,Xander104,40,xander104@example.com,Canada,41255.36,2019-09-21,Finance,true,55,0,2.5,
105,Yara105,41,yara105@example.com,Australia,33885,2020-10-22,Operations,true,65,105,3.0,flagged for review
106,Zoe106,42,zoe106@example.com,Japan,35156.56,2021-11-23,Legal,true,78.75,106,3.5,
107,Aaron107,43,aaron107@example.com,Brazil,36428.12,2022-12-24,Product,true,92.5,107,4.0,
108,Bella108,44,bella108@example.com,India,37699.68,2023-01-25,Design,true,6.25,108,4.5,
109,Carl109,45,carl109@example.com,Mexico,38971.24,2024-02-26,Support,true,20,109,5.0,
110,Dora110,46,dora110@example.com,Spain,40242.8,2015-03-27,Engineering,false,30,110,,
111,Eli111,47,eli111@example.com,Italy,41514.36,2016-04-28,Marketing,true,43.75,111,1.0,
112,Fiona112,48,fiona112@example.com,Netherlands,34144,2017-05-01,Sales,true,57.5,112,1.5,flagged for review
113,George113,49,george113@example.com,Sweden,35415.56,2018-06-02,HR,true,71.25,113,2.0,
114,Helen114,50,helen114@example.com,Norway,36687.12,2019-07-03,Finance,true,,114,2.5,
115,Ivan115,51,,Denmark,37958.68,2020-08-04,Operations,true,95,115,3.0,
116,Julia116,52,julia116@example.com,Poland,39230.24,2021-09-05,Legal,true,8.75,116,3.5,VIP customer
117,Kyle117,53,kyle117@example.com,Argentina,40501.8,2022-10-06,Product,true,22.5,0,4.0,
118,Luna118,54,luna118@example.com,South Korea,41773.36,2023-11-07,Design,true,36.25,118,4.5,
119,Max119,,max119@example.com,Portugal,34403,2024-12-08,Support,true,50,119,5.0,flagged for review
120,Nina120,56,nina120@example.com,USA,35674.56,2015-01-09,Engineering,true,60,120,,
121,Alice121,57,alice121@example.com,UK,36946.12,2016-02-10,Marketing,false,73.75,121,1.0,
122,Bob122,58,bob122@example.com,France,38217.68,2017-03-11,Sales,true,87.5,122,1.5,
123,Charlie123,59,charlie123@example.com,Germany,39489.24,2018-04-12,HR,true,101.25,123,2.0,
124,Diana124,60,diana124@example.com,Canada,,2019-05-13,Finance,true,15,124,2.5,
125,Eve125,61,eve125@example.com,Australia,42032.36,2020-06-14,Operations,true,25,125,3.0,
126,Frank126,62,frank126@example.com,Japan,34662,2021-07-15,Legal,true,38.75,126,3.5,flagged for review
127,Grace127,63,grace127@example.com,Brazil,35933.56,2022-08-16,Product,true,52.5,127,4.0,
128,Hank128,64,hank128@example.com,India,37205.12,2023-09-17,Design,true,66.25,128,4.5,
129,Iris129,22,iris129@example.com,Mexico,38476.68,2024-10-18,Support,true,80,129,5.0,
130,Jake130,23,jake130@example.com,Spain,39748.24,2015-11-19,Engineering,true,90,0,,
131,Karen131,24,karen131@example.com,Italy,41019.8,2016-12-20,Marketing,true,3.75,131,1.0,
132,Leo132,25,leo132@example.com,Netherlands,42291.36,2017-01-21,Sales,false,17.5,132,1.5,
133,Mia133,26,mia133@example.com,Sweden,34921,2018-02-22,HR,true,,133,2.0,flagged for review
134,Noah134,27,noah134@example.com,Norway,36192.56,2019-03-23,Finance,true,45,134,2.5,
135,Olivia135,28,olivia135@example.com,Denmark,37464.12,2020-04-24,Operations,true,55,135,3.0,
136,Paul136,,paul136@example.com,Poland,38735.68,2021-05-25,Legal,true,68.75,136,3.5,
137,Quinn137,30,quinn137@example.com,Argentina,40007.24,2022-06-26,Product,true,82.5,137,4.0,
138,Rachel138,31,,South Korea,41278.8,2023-07-27,Design,true,96.25,138,4.5,
139,Sam139,32,sam139@example.com,Portugal,42550.36,2024-08-28,Support,true,10,139,5.0,
140,Tara140,33,tara140@example.com,USA,35180,2015-09-01,Engineering,true,20,140,,flagged for review
141,Uma141,34,uma141@example.com,UK,36451.56,2016-10-02,Marketing,true,33.75,141,1.0,
142,Victor142,35,victor142@example.com,France,37723.12,2017-11-03,Sales,true,47.5,142,1.5,
143,Wendy143,36,wendy143@example.com,Germany,38994.68,2018-12-04,HR,false,61.25,0,2.0,
144,Xander144,37,xander144@example.com,Canada,40266.24,2019-01-05,Finance,true,75,144,2.5,
145,Yara145,38,yara145@example.com,Australia,41537.8,2020-02-06,Operations,true,85,145,3.0,VIP customer
146,Zoe146,39,zoe146@example.com,Japan,42809.36,2021-03-07,Legal,true,98.75,146,3.5,
147,Aaron147,40,aaron147@example.com,Brazil,35439,2022-04-08,Product,true,12.5,147,4.0,flagged for review
148,Bella148,41,bella148@example.com,India,36710.56,2023-05-09,Design,true,26.25,148,4.5,
149,Carl149,42,carl149@example.com,Mexico,37982.12,2024-06-10,Support,true,40,149,5.0,
150,Dora150,43,dora150@example.com,Spain,999999,2015-07-11,Engineering,true,50,150,,
151,Eli151,44,eli151@example.com,Italy,40525.24,2016-08-12,Marketing,true,63.75,151,1.0,
152,Fiona152,45,fiona152@example.com,Netherlands,41796.8,2017-09-13,Sales,true,,152,1.5,
153,George153,,george153@example.com,Sweden,43068.36,2018-10-14,HR,true,91.25,153,2.0,
154,Helen154,47,helen154@example.com,Norway,35698,2019-11-15,Finance,false,5,154,2.5,flagged for review
155,Ivan155,48,ivan155@example.com,Denmark,,2020-12-16,Operations,true,15,155,3.0,
156,Julia156,49,julia156@example.com,Poland,38241.12,2021-01-17,Legal,true,28.75,0,3.5,
157,Kyle157,50,kyle157@example.com,Argentina,39512.68,2022-02-18,Product,true,42.5,157,4.0,
158,Luna158,51,luna158@example.com,South Korea,40784.24,2023-03-19,Design,true,56.25,158,4.5,
159,Max159,52,max159@example.com,Portugal,42055.8,2024-04-20,Support,true,70,159,5.0,
160,Nina160,53,nina160@example.com,USA,43327.36,2015-05-21,Engineering,true,80,160,,
161,Alice161,54,,UK,35957,2016-06-22,Marketing,true,93.75,161,1.0,flagged for review
162,Bob162,55,bob162@example.com,France,37228.56,2017-07-23,Sales,true,7.5,162,1.5,
163,Charlie163,56,charlie163@example.com,Germany,38500.12,2018-08-24,HR,true,21.25,163,2.0,
164,Diana164,57,diana164@example.com,Canada,39771.68,2019-09-25,Finance,true,35,164,2.5,
165,Eve165,58,eve165@example.com,Australia,41043.24,2020-10-26,Operations,false,45,165,3.0,
166,Frank166,59,frank166@example.com,Japan,42314.8,2021-11-27,Legal,true,58.75,166,3.5,
167,Grace167,60,grace167@example.com,Brazil,43586.36,2022-12-28,Product,true,72.5,167,4.0,
168,Hank168,61,hank168@example.com,India,36216,2023-01-01,Design,true,86.25,168,4.5,flagged for review
169,Iris169,62,iris169@example.com,Mexico,37487.56,2024-02-02,Support,true,100,0,5.0,
170,Jake170,,jake170@example.com,Spain,38759.12,2015-03-03,Engineering,true,10,170,,
171,Karen171,64,karen171@example.com,Italy,40030.68,2016-04-04,Marketing,true,,171,1.0,
172,Leo172,22,leo172@example.com,Netherlands,41302.24,2017-05-05,Sales,true,37.5,172,1.5,
173,Mia173,23,mia173@example.com,Sweden,42573.8,2018-06-06,HR,true,51.25,173,2.0,
174,Noah174,24,noah174@example.com,Norway,43845.36,2019-07-07,Finance,true,65,174,2.5,VIP customer
175,Olivia175,25,olivia175@example.com,Denmark,36475,2020-08-08,Operations,true,75,175,3.0,flagged for review
176,Paul176,26,paul176@example.com,Poland,37746.56,2021-09-09,Legal,false,88.75,176,3.5,
177,Quinn177,27,quinn177@example.com,Argentina,39018.12,2022-10-10,Product,true,2.5,177,4.0,
178,Rachel178,28,rachel178@example.com,South Korea,40289.68,2023-11-11,Design,true,16.25,178,4.5,
179,Sam179,29,sam179@example.com,Portugal,41561.24,2024-12-12,Support,true,30,179,5.0,
180,Tara180,30,tara180@example.com,USA,42832.8,2015-01-13,Engineering,true,40,180,,
181,Uma181,31,uma181@example.com,UK,44104.36,2016-02-14,Marketing,true,53.75,181,1.0,
182,Victor182,32,victor182@example.com,France,36734,2017-03-15,Sales,true,67.5,0,1.5,flagged for review
183,Wendy183,33,wendy183@example.com,Germany,38005.56,2018-04-16,HR,true,81.25,183,2.0,
184,Xander184,34,,Canada,39277.12,2019-05-17,Finance,true,95,184,2.5,
185,Yara185,35,yara185@example.com,Australia,40548.68,2020-06-18,Operations,true,5,185,3.0,
186,Zoe186,36,zoe186@example.com,Japan,,2021-07-19,Legal,true,18.75,186,3.5,
187,Aaron187,,aaron187@example.com,Brazil,43091.8,2022-08-20,Product,false,32.5,187,4.0,
188,Bella188,38,bella188@example.com,India,44363.36,2023-09-21,Design,true,46.25,188,4.5,
189,Carl189,39,carl189@example.com,Mexico,36993,2024-10-22,Support,true,60,189,5.0,flagged for review
190,Dora190,40,dora190@example.com,Spain,38264.56,2015-11-23,Engineering,true,,190,,
191,Eli191,41,eli191@example.com,Italy,39536.12,2016-12-24,Marketing,true,83.75,191,1.0,
192,Fiona192,42,fiona192@example.com,Netherlands,40807.68,2017-01-25,Sales,true,97.5,192,1.5,
193,George193,43,george193@example.com,Sweden,42079.24,2018-02-26,HR,true,11.25,193,2.0,
194,Helen194,44,helen194@example.com,Norway,43350.8,2019-03-27,Finance,true,25,194,2.5,
195,Ivan195,45,ivan195@example.com,Denmark,44622.36,2020-04-28,Operations,true,35,0,3.0,
196,Julia196,46,julia196@example.com,Poland,37252,2021-05-01,Legal,true,48.75,196,3.5,flagged for review
197,Kyle197,47,kyle197@example.com,Argentina,38523.56,2022-06-02,Product,true,62.5,197,4.0,
198,Luna198,48,luna198@example.com,South Korea,39795.12,2023-07-03,Design,false,76.25,198,4.5,
199,Max199,49,max199@example.com,Portugal,41066.68,2024-08-04,Support,true,90,199,5.0,
200,Nina200,50,nina200@example.com,USA,999999,2015-09-05,Engineering,true,0,200,,
201,Alice201,51,alice201@example.com,UK,43609.8,2016-10-06,Marketing,true,13.75,201,1.0,
202,Bob202,52,bob202@example.com,France,44881.36,2017-11-07,Sales,true,27.5,202,1.5,
203,Charlie203,53,charlie203@example.com,Germany,37511,2018-12-08,HR,true,41.25,203,2.0,flagged for review
204,Diana204,,diana204@example.com,Canada,38782.56,2019-01-09,Finance,true,55,204,2.5,
205,Eve205,55,eve205@example.com,Australia,40054.12,2020-02-10,Operations,true,65,205,3.0,
206,Frank206,56,frank206@example.com,Japan,41325.68,2021-03-11,Legal,true,78.75,206,3.5,
207,Grace207,57,,Brazil,42597.24,2022-04-12,Product,true,92.5,207,4.0,
208,Hank208,58,hank208@example.com,India,43868.8,2023-05-13,Design,true,6.25,0,4.5,
209,Iris209,59,iris209@example.com,Mexico,45140.36,2024-06-14,Support,false,,209,5.0,
210,Jake210,60,jake210@example.com,Spain,37770,2015-07-15,Engineering,true,30,210,,flagged for review
211,Karen211,61,karen211@example.com,Italy,39041.56,2016-08-16,Marketing,true,43.75,211,1.0,
212,Leo212,62,leo212@example.com,Netherlands,40313.12,2017-09-17,Sales,true,57.5,212,1.5,
213,Mia213,63,mia213@example.com,Sweden,41584.68,2018-10-18,HR,true,71.25,213,2.0,
214,Noah214,64,noah214@example.com,Norway,42856.24,2019-11-19,Finance,true,85,214,2.5,
215,Olivia215,22,olivia215@example.com,Denmark,44127.8,2020-12-20,Operations,true,95,215,3.0,
216,Paul216,23,paul216@example.com,Poland,45399.36,2021-01-21,Legal,true,8.75,216,3.5,
217,Quinn217,24,quinn217@example.com,Argentina,,2022-02-22,Product,true,22.5,217,4.0,flagged for review
218,Rachel218,25,rachel218@example.com,South Korea,39300.56,2023-03-23,Design,true,36.25,218,4.5,
219,Sam219,26,sam219@example.com,Portugal,40572.12,2024-04-24,Support,true,50,219,5.0,
220,Tara220,27,tara220@example.com,USA,41843.68,2015-05-25,Engineering,false,60,220,,
221,Uma221,,uma221@example.com,UK,43115.24,2016-06-26,Marketing,true,73.75,0,1.0,
222,Victor222,29,victor222@example.com,France,44386.8,2017-07-27,Sales,true,87.5,222,1.5,
223,Wendy223,30,wendy223@example.com,Germany,45658.36,2018-08-28,HR,true,101.25,223,2.0,
224,Xander224,31,xander224@example.com,Canada,38288,2019-09-01,Finance,true,15,224,2.5,flagged for review
225,Yara225,32,yara225@example.com,Australia,39559.56,2020-10-02,Operations,true,25,225,3.0,
226,Zoe226,33,zoe226@example.com,Japan,40831.12,2021-11-03,Legal,true,38.75,226,3.5,
227,Aaron227,34,aaron227@example.com,Brazil,42102.68,2022-12-04,Product,true,52.5,227,4.0,
228,Bella228,35,bella228@example.com,India,43374.24,2023-01-05,Design,true,,228,4.5,
229,Carl229,36,carl229@example.com,Mexico,44645.8,2024-02-06,Support,true,80,229,5.0,
230,Dora230,37,,Spain,45917.36,2015-03-07,Engineering,true,90,230,,
231,Eli231,38,eli231@example.com,Italy,38547,2016-04-08,Marketing,false,3.75,231,1.0,flagged for review
232,Fiona232,39,fiona232@example.com,Netherlands,39818.56,2017-05-09,Sales,true,17.5,232,1.5,VIP customer
233,George233,40,george233@example.com,Sweden,41090.12,2018-06-10,HR,true,31.25,233,2.0,
234,Helen234,41,helen234@example.com,Norway,42361.68,2019-07-11,Finance,true,45,0,2.5,
235,Ivan235,42,ivan235@example.com,Denmark,43633.24,2020-08-12,Operations,true,55,235,3.0,
236,Julia236,43,julia236@example.com,Poland,44904.8,2021-09-13,Legal,true,68.75,236,3.5,
237,Kyle237,44,kyle237@example.com,Argentina,46176.36,2022-10-14,Product,true,82.5,237,4.0,
238,Luna238,,luna238@example.com,South Korea,38806,2023-11-15,Design,true,96.25,238,4.5,flagged for review
239,Max239,46,max239@example.com,Portugal,40077.56,2024-12-16,Support,true,10,239,5.0,
240,Nina240,47,nina240@example.com,USA,41349.12,2015-01-17,Engineering,true,20,240,,
241,Alice241,48,alice241@example.com,UK,42620.68,2016-02-18,Marketing,true,33.75,241,1.0,
242,Bob242,49,bob242@example.com,France,43892.24,2017-03-19,Sales,false,47.5,242,1.5,
243,Charlie243,50,charlie243@example.com,Germany,45163.8,2018-04-20,HR,true,61.25,243,2.0,
244,Diana244,51,diana244@example.com,Canada,46435.36,2019-05-21,Finance,true,75,244,2.5,
245,Eve245,52,eve245@example.com,Australia,39065,2020-06-22,Operations,true,85,245,3.0,flagged for review
246,Frank246,53,frank246@example.com,Japan,40336.56,2021-07-23,Legal,true,98.75,246,3.5,
247,Grace247,54,grace247@example.com,Brazil,41608.12,2022-08-24,Product,true,,0,4.0,
248,Hank248,55,hank248@example.com,India,,2023-09-25,Design,true,26.25,248,4.5,
249,Iris249,56,iris249@example.com,Mexico,44151.24,2024-10-26,Support,true,40,249,5.0,
250,Jake250,57,jake250@example.com,Spain,999999,2015-11-27,Engineering,true,50,250,,
251,Karen251,58,karen251@example.com,Italy,46694.36,2016-12-28,Marketing,true,63.75,251,1.0,
252,Leo252,59,leo252@example.com,Netherlands,39324,2017-01-01,Sales,true,77.5,252,1.5,flagged for review
253,Mia253,60,,Sweden,40595.56,2018-02-02,HR,false,91.25,253,2.0,
254,Noah254,61,noah254@example.com,Norway,41867.12,2019-03-03,Finance,true,5,254,2.5,
255,Olivia255,,olivia255@example.com,Denmark,43138.68,2020-04-04,Operations,true,15,255,3.0,
256,Paul256,63,paul256@example.com,Poland,44410.24,2021-05-05,Legal,true,28.75,256,3.5,
257,Quinn257,64,quinn257@example.com,Argentina,45681.8,2022-06-06,Product,true,42.5,257,4.0,
258,Rachel258,22,rachel258@example.com,South Korea,46953.36,2023-07-07,Design,true,56.25,258,4.5,
259,Sam259,23,sam259@example.com,Portugal,39583,2024-08-08,Support,true,70,259,5.0,flagged for review
260,Tara260,24,tara260@example.com,USA,40854.56,2015-09-09,Engineering,true,80,0,,
261,Uma261,25,uma261@example.com,UK,42126.12,2016-10-10,Marketing,true,93.75,261,1.0,VIP customer
262,Victor262,26,victor262@example.com,France,43397.68,2017-11-11,Sales,true,7.5,262,1.5,
263,Wendy263,27,wendy263@example.com,Germany,44669.24,2018-12-12,HR,true,21.25,263,2.0,
264,Xander264,28,xander264@example.com,Canada,45940.8,2019-01-13,Finance,false,35,264,2.5,
265,Yara265,29,yara265@example.com,Australia,47212.36,2020-02-14,Operations,true,45,265,3.0,
266,Zoe266,30,zoe266@example.com,Japan,39842,2021-03-15,Legal,true,,266,3.5,flagged for review
267,Aaron267,31,aaron267@example.com,Brazil,41113.56,2022-04-16,Product,true,72.5,267,4.0,
268,Bella268,32,bella268@example.com,India,42385.12,2023-05-17,Design,true,86.25,268,4.5,
269,Carl269,33,carl269@example.com,Mexico,43656.68,2024-06-18,Support,true,100,269,5.0,
270,Dora270,34,dora270@example.com,Spain,44928.24,2015-07-19,Engineering,true,10,270,,
271,Eli271,35,eli271@example.com,Italy,46199.8,2016-08-20,Marketing,true,23.75,271,1.0,
272,Fiona272,,fiona272@example.com,Netherlands,47471.36,2017-09-21,Sales,true,37.5,272,1.5,
273,George273,37,george273@example.com,Sweden,40101,2018-10-22,HR,true,51.25,0,2.0,flagged for review
274,Helen274,38,helen274@example.com,Norway,41372.56,2019-11-23,Finance,true,65,274,2.5,
275,Ivan275,39,ivan275@example.com,Denmark,42644.12,2020-12-24,Operations,false,75,275,3.0,
276,Julia276,40,,Poland,43915.68,2021-01-25,Legal,true,88.75,276,3.5,
277,Kyle277,41,kyle277@example.com,Argentina,45187.24,2022-02-26,Product,true,2.5,277,4.0,
278,Luna278,42,luna278@example.com,South Korea,46458.8,2023-03-27,Design,true,16.25,278,4.5,
279,Max279,43,max279@example.com,Portugal,,2024-04-28,Support,true,30,279,5.0,
280,Nina280,44,nina280@example.com,USA,40360,2015-05-01,Engineering,true,40,280,,flagged for review
281,Alice281,45,alice281@example.com,UK,41631.56,2016-06-02,Marketing,true,53.75,281,1.0,
282,Bob282,46,bob282@example.com,France,42903.12,2017-07-03,Sales,true,67.5,282,1.5,
283,Charlie283,47,charlie283@example.com,Germany,44174.68,2018-08-04,HR,true,81.25,283,2.0,
284,Diana284,48,diana284@example.com,Canada,45446.24,2019-09-05,Finance,true,95,284,2.5,
285,Eve285,49,eve285@example.com,Australia,46717.8,2020-10-06,Operations,true,,285,3.0,
286,Frank286,50,frank286@example.com,Japan,47989.36,2021-11-07,Legal,false,18.75,0,3.5,
287,Grace287,51,grace287@example.com,Brazil,40619,2022-12-08,Product,true,32.5,287,4.0,flagged for review
288,Hank288,52,hank288@example.com,India,41890.56,2023-01-09,Design,true,46.25,288,4.5,
289,Iris289,,iris289@example.com,Mexico,43162.12,2024-02-10,Support,true,60,289,5.0,
290,Jake290,54,jake290@example.com,Spain,44433.68,2015-03-11,Engineering,true,70,290,,VIP customer
291,Karen291,55,karen291@example.com,Italy,45705.24,2016-04-12,Marketing,true,83.75,291,1.0,
292,Leo292,56,leo292@example.com,Netherlands,46976.8,2017-05-13,Sales,true,97.5,292,1.5,
293,Mia293,57,mia293@example.com,Sweden,48248.36,2018-06-14,HR,true,11.25,293,2.0,
294,Noah294,58,noah294@example.com,Norway,40878,2019-07-15,Finance,true,25,294,2.5,flagged for review
295,Olivia295,59,olivia295@example.com,Denmark,42149.56,2020-08-16,Operations,true,35,295,3.0,
296,Paul296,60,paul296@example.com,Poland,43421.12,2021-09-17,Legal,true,48.75,296,3.5,
297,Quinn297,61,quinn297@example.com,Argentina,44692.68,2022-10-18,Product,false,62.5,297,4.0,
298,Rachel298,62,rachel298@example.com,South Korea,45964.24,2023-11-19,Design,true,76.25,298,4.5,
299,Sam299,63,,Portugal,47235.8,2024-12-20,Support,true,90,0,5.0,
300,Tara300,64,tara300@example.com,USA,999999,2015-01-21,Engineering,true,0,300,,
301,Uma301,22,uma301@example.com,UK,41137,2016-02-22,Marketing,true,13.75,301,1.0,flagged for review
302,Victor302,23,victor302@example.com,France,42408.56,2017-03-23,Sales,true,27.5,302,1.5,
303,Wendy303,24,wendy303@example.com,Germany,43680.12,2018-04-24,HR,true,41.25,303,2.0,
304,Xander304,25,xander304@example.com,Canada,44951.68,2019-05-25,Finance,true,,304,2.5,
305,Yara305,26,yara305@example.com,Australia,46223.24,2020-06-26,Operations,true,65,305,3.0,
306,Zoe306,,zoe306@example.com,Japan,47494.8,2021-07-27,Legal,true,78.75,306,3.5,
307,Aaron307,28,aaron307@example.com,Brazil,48766.36,2022-08-28,Product,true,92.5,307,4.0,
308,Bella308,29,bella308@example.com,India,41396,2023-09-01,Design,false,6.25,308,4.5,flagged for review
309,Carl309,30,carl309@example.com,Mexico,42667.56,2024-10-02,Support,true,20,309,5.0,
310,Dora310,31,dora310@example.com,Spain,,2015-11-03,Engineering,true,30,310,,
311,Eli311,32,eli311@example.com,Italy,45210.68,2016-12-04,Marketing,true,43.75,311,1.0,
312,Fiona312,33,fiona312@example.com,Netherlands,46482.24,2017-01-05,Sales,true,57.5,0,1.5,
313,George313,34,george313@example.com,Sweden,47753.8,2018-02-06,HR,true,71.25,313,2.0,
314,Helen314,35,helen314@example.com,Norway,49025.36,2019-03-07,Finance,true,85,314,2.5,
315,Ivan315,36,ivan315@example.com,Denmark,41655,2020-04-08,Operations,true,95,315,3.0,flagged for review
316,Julia316,37,julia316@example.com,Poland,42926.56,2021-05-09,Legal,true,8.75,316,3.5,
317,Kyle317,38,kyle317@example.com,Argentina,44198.12,2022-06-10,Product,true,22.5,317,4.0,
318,Luna318,39,luna318@example.com,South Korea,45469.68,2023-07-11,Design,true,36.25,318,4.5,
319,Max319,40,max319@example.com,Portugal,46741.24,2024-08-12,Support,false,50,319,5.0,VIP customer
320,Nina320,41,nina320@example.com,USA,48012.8,2015-09-13,Engineering,true,60,320,,
321,Alice321,42,alice321@example.com,UK,49284.36,2016-10-14,Marketing,true,73.75,321,1.0,
322,Bob322,43,,France,41914,2017-11-15,Sales,true,87.5,322,1.5,flagged for review
323,Charlie323,,charlie323@example.com,Germany,43185.56,2018-12-16,HR,true,,323,2.0,
324,Diana324,45,diana324@example.com,Canada,44457.12,2019-01-17,Finance,true,15,324,2.5,
325,Eve325,46,eve325@example.com,Australia,45728.68,2020-02-18,Operations,true,25,0,3.0,
326,Frank326,47,frank326@example.com,Japan,47000.24,2021-03-19,Legal,true,38.75,326,3.5,
327,Grace327,48,grace327@example.com,Brazil,48271.8,2022-04-20,Product,true,52.5,327,4.0,
328,Hank328,49,hank328@example.com,India,49543.36,2023-05-21,Design,true,66.25,328,4.5,
329,Iris329,50,iris329@example.com,Mexico,42173,2024-06-22,Support,true,80,329,5.0,flagged for review
330,Jake330,51,jake330@example.com,Spain,43444.56,2015-07-23,Engineering,false,90,330,,
331,Karen331,52,karen331@example.com,Italy,44716.12,2016-08-24,Marketing,true,3.75,331,1.0,
332,Leo332,53,leo332@example.com,Netherlands,45987.68,2017-09-25,Sales,true,17.5,332,1.5,
333,Mia333,54,mia333@example.com,Sweden,47259.24,2018-10-26,HR,true,31.25,333,2.0,
334,Noah334,55,noah334@example.com,Norway,48530.8,2019-11-27,Finance,true,45,334,2.5,
335,Olivia335,56,olivia335@example.com,Denmark,49802.36,2020-12-28,Operations,true,55,335,3.0,
336,Paul336,57,paul336@example.com,Poland,42432,2021-01-01,Legal,true,68.75,336,3.5,flagged for review
337,Quinn337,58,quinn337@example.com,Argentina,43703.56,2022-02-02,Product,true,82.5,337,4.0,
338,Rachel338,59,rachel338@example.com,South Korea,44975.12,2023-03-03,Design,true,96.25,0,4.5,
339,Sam339,60,sam339@example.com,Portugal,46246.68,2024-04-04,Support,true,10,339,5.0,
340,Tara340,,tara340@example.com,USA,47518.24,2015-05-05,Engineering,true,20,340,,
341,Uma341,62,uma341@example.com,UK,,2016-06-06,Marketing,false,33.75,341,1.0,
342,Victor342,63,victor342@example.com,France,50061.36,2017-07-07,Sales,true,,342,1.5,
343,Wendy343,64,wendy343@example.com,Germany,42691,2018-08-08,HR,true,61.25,343,2.0,flagged for review
344,Xander344,22,xander344@example.com,Canada,43962.56,2019-09-09,Finance,true,75,344,2.5,
345,Yara345,23,,Australia,45234.12,2020-10-10,Operations,true,85,345,3.0,
346,Zoe346,24,zoe346@example.com,Japan,46505.68,2021-11-11,Legal,true,98.75,346,3.5,
347,Aaron347,25,aaron347@example.com,Brazil,47777.24,2022-12-12,Product,true,12.5,347,4.0,
348,Bella348,26,bella348@example.com,India,49048.8,2023-01-13,Design,true,26.25,348,4.5,VIP customer
349,Carl349,27,carl349@example.com,Mexico,50320.36,2024-02-14,Support,true,40,349,5.0,
350,Dora350,28,dora350@example.com,Spain,999999,2015-03-15,Engineering,true,50,350,,flagged for review
351,Eli351,29,eli351@example.com,Italy,44221.56,2016-04-16,Marketing,true,63.75,0,1.0,
352,Fiona352,30,fiona352@example.com,Netherlands,45493.12,2017-05-17,Sales,false,77.5,352,1.5,
353,George353,31,george353@example.com,Sweden,46764.68,2018-06-18,HR,true,91.25,353,2.0,
354,Helen354,32,helen354@example.com,Norway,48036.24,2019-07-19,Finance,true,5,354,2.5,
355,Ivan355,33,ivan355@example.com,Denmark,49307.8,2020-08-20,Operations,true,15,355,3.0,
356,Julia356,34,julia356@example.com,Poland,50579.36,2021-09-21,Legal,true,28.75,356,3.5,
357,Kyle357,,kyle357@example.com,Argentina,43209,2022-10-22,Product,true,42.5,357,4.0,flagged for review
358,Luna358,36,luna358@example.com,South Korea,44480.56,2023-11-23,Design,true,56.25,358,4.5,
359,Max359,37,max359@example.com,Portugal,45752.12,2024-12-24,Support,true,70,359,5.0,
360,Nina360,38,nina360@example.com,USA,47023.68,2015-01-25,Engineering,true,80,360,,
361,Alice361,39,alice361@example.com,UK,48295.24,2016-02-26,Marketing,true,,361,1.0,
362,Bob362,40,bob362@example.com,France,49566.8,2017-03-27,Sales,true,7.5,362,1.5,
363,Charlie363,41,charlie363@example.com,Germany,50838.36,2018-04-28,HR,false,21.25,363,2.0,
364,Diana364,42,diana364@example.com,Canada,43468,2019-05-01,Finance,true,35,0,2.5,flagged for review
365,Eve365,43,eve365@example.com,Australia,44739.56,2020-06-02,Operations,true,45,365,3.0,
366,Frank366,44,frank366@example.com,Japan,46011.12,2021-07-03,Legal,true,58.75,366,3.5,
367,Grace367,45,grace367@example.com,Brazil,47282.68,2022-08-04,Product,true,72.5,367,4.0,
368,Hank368,46,,India,48554.24,2023-09-05,Design,true,86.25,368,4.5,
369,Iris369,47,iris369@example.com,Mexico,49825.8,2024-10-06,Support,true,100,369,5.0,
370,Jake370,48,jake370@example.com,Spain,51097.36,2015-11-07,Engineering,true,10,370,,
371,Karen371,49,karen371@example.com,Italy,43727,2016-12-08,Marketing,true,23.75,371,1.0,flagged for review
372,Leo372,50,leo372@example.com,Netherlands,,2017-01-09,Sales,true,37.5,372,1.5,
373,Mia373,51,mia373@example.com,Sweden,46270.12,2018-02-10,HR,true,51.25,373,2.0,
374,Noah374,,noah374@example.com,Norway,47541.68,2019-03-11,Finance,false,65,374,2.5,
375,Olivia375,53,olivia375@example.com,Denmark,48813.24,2020-04-12,Operations,true,75,375,3.0,
376,Paul376,54,paul376@example.com,Poland,50084.8,2021-05-13,Legal,true,88.75,376,3.5,
377,Quinn377,55,quinn377@example.com,Argentina,51356.36,2022-06-14,Product,true,2.5,0,4.0,VIP customer
378,Rachel378,56,rachel378@example.com,South Korea,43986,2023-07-15,Design,true,16.25,378,4.5,flagged for review
379,Sam379,57,sam379@example.com,Portugal,45257.56,2024-08-16,Support,true,30,379,5.0,
380,Tara380,58,tara380@example.com,USA,46529.12,2015-09-17,Engineering,true,,380,,
381,Uma381,59,uma381@example.com,UK,47800.68,2016-10-18,Marketing,true,53.75,381,1.0,
382,Victor382,60,victor382@example.com,France,49072.24,2017-11-19,Sales,true,67.5,382,1.5,
383,Wendy383,61,wendy383@example.com,Germany,50343.8,2018-12-20,HR,true,81.25,383,2.0,
384,Xander384,62,xander384@example.com,Canada,51615.36,2019-01-21,Finance,true,95,384,2.5,
385,Yara385,63,yara385@example.com,Australia,44245,2020-02-22,Operations,false,5,385,3.0,flagged for review
386,Zoe386,64,zoe386@example.com,Japan,45516.56,2021-03-23,Legal,true,18.75,386,3.5,
387,Aaron387,22,aaron387@example.com,Brazil,46788.12,2022-04-24,Product,true,32.5,387,4.0,
388,Bella388,23,bella388@example.com,India,48059.68,2023-05-25,Design,true,46.25,388,4.5,
389,Carl389,24,carl389@example.com,Mexico,49331.24,2024-06-26,Support,true,60,389,5.0,
390,Dora390,25,dora390@example.com,Spain,50602.8,2015-07-27,Engineering,true,70,0,,
391,Eli391,,,Italy,51874.36,2016-08-28,Marketing,true,83.75,391,1.0,
392,Fiona392,27,fiona392@example.com,Netherlands,44504,2017-09-01,Sales,true,97.5,392,1.5,flagged for review
393,George393,28,george393@example.com,Sweden,45775.56,2018-10-02,HR,true,11.25,393,2.0,
394,Helen394,29,helen394@example.com,Norway,47047.12,2019-11-03,Finance,true,25,394,2.5,
395,Ivan395,30,ivan395@example.com,Denmark,48318.68,2020-12-04,Operations,true,35,395,3.0,
396,Julia396,31,julia396@example.com,Poland,49590.24,2021-01-05,Legal,false,48.75,396,3.5,
397,Kyle397,32,kyle397@example.com,Argentina,50861.8,2022-02-06,Product,true,62.5,397,4.0,
398,Luna398,33,luna398@example.com,South Korea,52133.36,2023-03-07,Design,true,76.25,398,4.5,
399,Max399,34,max399@example.com,Portugal,44763,2024-04-08,Support,true,,399,5.0,flagged for review
400,Nina400,35,nina400@example.com,USA,999999,2015-05-09,Engineering,true,0,400,,
401,Alice401,36,alice401@example.com,UK,47306.12,2016-06-10,Marketing,true,13.75,401,1.0,
402,Bob402,37,bob402@example.com,France,48577.68,2017-07-11,Sales,true,27.5,402,1.5,
403,Charlie403,38,charlie403@example.com,Germany,,2018-08-12,HR,true,41.25,0,2.0,
404,Diana404,39,diana404@example.com,Canada,51120.8,2019-09-13,Finance,true,55,404,2.5,
405,Eve405,40,eve405@example.com,Australia,52392.36,2020-10-14,Operations,true,65,405,3.0,
406,Frank406,41,frank406@example.com,Japan,45022,2021-11-15,Legal,true,78.75,406,3.5,flagged for review
407,Grace407,42,grace407@example.com,Brazil,46293.56,2022-12-16,Product,false,92.5,407,4.0,
408,Hank408,,hank408@example.com,India,47565.12,2023-01-17,Design,true,6.25,408,4.5,
409,Iris409,44,iris409@example.com,Mexico,48836.68,2024-02-18,Support,true,20,409,5.0,
410,Jake410,45,jake410@example.com,Spain,50108.24,2015-03-19,Engineering,true,30,410,,
411,Karen411,46,karen411@example.com,Italy,51379.8,2016-04-20,Marketing,true,43.75,411,1.0,
412,Leo412,47,leo412@example.com,Netherlands,52651.36,2017-05-21,Sales,true,57.5,412,1.5,
413,Mia413,48,mia413@example.com,Sweden,45281,2018-06-22,HR,true,71.25,413,2.0,flagged for review
414,Noah414,49,,Norway,46552.56,2019-07-23,Finance,true,85,414,2.5,
415,Olivia415,50,olivia415@example.com,Denmark,47824.12,2020-08-24,Operations,true,95,415,3.0,
416,Paul416,51,paul416@example.com,Poland,49095.68,2021-09-25,Legal,true,8.75,0,3.5,
417,Quinn417,52,quinn417@example.com,Argentina,50367.24,2022-10-26,Product,true,22.5,417,4.0,
418,Rachel418,53,rachel418@example.com,South Korea,51638.8,2023-11-27,Design,false,,418,4.5,
419,Sam419,54,sam419@example.com,Portugal,52910.36,2024-12-28,Support,true,50,419,5.0,
420,Tara420,55,tara420@example.com,USA,45540,2015-01-01,Engineering,true,60,420,,flagged for review
421,Uma421,56,uma421@example.com,UK,46811.56,2016-02-02,Marketing,true,73.75,421,1.0,
422,Victor422,57,victor422@example.com,France,48083.12,2017-03-03,Sales,true,87.5,422,1.5,
423,Wendy423,58,wendy423@example.com,Germany,49354.68,2018-04-04,HR,true,101.25,423,2.0,
424,Xander424,59,xander424@example.com,Canada,50626.24,2019-05-05,Finance,true,15,424,2.5,
425,Yara425,,yara425@example.com,Australia,51897.8,2020-06-06,Operations,true,25,425,3.0,
426,Zoe426,61,zoe426@example.com,Japan,53169.36,2021-07-07,Legal,true,38.75,426,3.5,
427,Aaron427,62,aaron427@example.com,Brazil,45799,2022-08-08,Product,true,52.5,427,4.0,flagged for review
428,Bella428,63,bella428@example.com,India,47070.56,2023-09-09,Design,true,66.25,428,4.5,
429,Carl429,64,carl429@example.com,Mexico,48342.12,2024-10-10,Support,false,80,0,5.0,
430,Dora430,22,dora430@example.com,Spain,49613.68,2015-11-11,Engineering,true,90,430,,
431,Eli431,23,eli431@example.com,Italy,50885.24,2016-12-12,Marketing,true,3.75,431,1.0,
432,Fiona432,24,fiona432@example.com,Netherlands,52156.8,2017-01-13,Sales,true,17.5,432,1.5,
433,George433,25,george433@example.com,Sweden,53428.36,2018-02-14,HR,true,31.25,433,2.0,
434,Helen434,26,helen434@example.com,Norway,,2019-03-15,Finance,true,45,434,2.5,flagged for review
435,Ivan435,27,ivan435@example.com,Denmark,47329.56,2020-04-16,Operations,true,55,435,3.0,VIP customer
436,Julia436,28,julia436@example.com,Poland,48601.12,2021-05-17,Legal,true,68.75,436,3.5,
437,Kyle437,29,,Argentina,49872.68,2022-06-18,Product,true,,437,4.0,
438,Luna438,30,luna438@example.com,South Korea,51144.24,2023-07-19,Design,true,96.25,438,4.5,
439,Max439,31,max439@example.com,Portugal,52415.8,2024-08-20,Support,true,10,439,5.0,
440,Nina440,32,nina440@example.com,USA,53687.36,2015-09-21,Engineering,false,20,440,,
441,Alice441,33,alice441@example.com,UK,46317,2016-10-22,Marketing,true,33.75,441,1.0,flagged for review
442,Bob442,,bob442@example.com,France,47588.56,2017-11-23,Sales,true,47.5,0,1.5,
443,Charlie443,35,charlie443@example.com,Germany,48860.12,2018-12-24,HR,true,61.25,443,2.0,
444,Diana444,36,diana444@example.com,Canada,50131.68,2019-01-25,Finance,true,75,444,2.5,
445,Eve445,37,eve445@example.com,Australia,51403.24,2020-02-26,Operations,true,85,445,3.0,
446,Frank446,38,frank446@example.com,Japan,52674.8,2021-03-27,Legal,true,98.75,446,3.5,
447,Grace447,39,grace447@example.com,Brazil,53946.36,2022-04-28,Product,true,12.5,447,4.0,
448,Hank448,40,hank448@example.com,India,46576,2023-05-01,Design,true,26.25,448,4.5,flagged for review
449,Iris449,41,iris449@example.com,Mexico,47847.56,2024-06-02,Support,true,40,449,5.0,
450,Jake450,42,jake450@example.com,Spain,999999,2015-07-03,Engineering,true,50,450,,
451,Karen451,43,karen451@example.com,Italy,50390.68,2016-08-04,Marketing,false,63.75,451,1.0,
452,Leo452,44,leo452@example.com,Netherlands,51662.24,2017-09-05,Sales,true,77.5,452,1.5,
453,Mia453,45,mia453@example.com,Sweden,52933.8,2018-10-06,HR,true,91.25,453,2.0,
454,Noah454,46,noah454@example.com,Norway,54205.36,2019-11-07,Finance,true,5,454,2.5,
455,Olivia455,47,olivia455@example.com,Denmark,46835,2020-12-08,Operations,true,15,0,3.0,flagged for review
456,Paul456,48,paul456@example.com,Poland,48106.56,2021-01-09,Legal,true,,456,3.5,
457,Quinn457,49,quinn457@example.com,Argentina,49378.12,2022-02-10,Product,true,42.5,457,4.0,
458,Rachel458,50,rachel458@example.com,South Korea,50649.68,2023-03-11,Design,true,56.25,458,4.5,
459,Sam459,,sam459@example.com,Portugal,51921.24,2024-04-12,Support,true,70,459,5.0,
460,Tara460,52,,USA,53192.8,2015-05-13,Engineering,true,80,460,,
461,Uma461,53,uma461@example.com,UK,54464.36,2016-06-14,Marketing,true,93.75,461,1.0,
462,Victor462,54,victor462@example.com,France,47094,2017-07-15,Sales,false,7.5,462,1.5,flagged for review
463,Wendy463,55,wendy463@example.com,Germany,48365.56,2018-08-16,HR,true,21.25,463,2.0,
464,Xander464,56,xander464@example.com,Canada,49637.12,2019-09-17,Finance,true,35,464,2.5,VIP customer
465,Yara465,57,yara465@example.com,Australia,,2020-10-18,Operations,true,45,465,3.0,
466,Zoe466,58,zoe466@example.com,Japan,52180.24,2021-11-19,Legal,true,58.75,466,3.5,
467,Aaron467,59,aaron467@example.com,Brazil,53451.8,2022-12-20,Product,true,72.5,467,4.0,
468,Bella468,60,bella468@example.com,India,54723.36,2023-01-21,Design,true,86.25,0,4.5,
469,Carl469,61,carl469@example.com,Mexico,47353,2024-02-22,Support,true,100,469,5.0,flagged for review
470,Dora470,62,dora470@example.com,Spain,48624.56,2015-03-23,Engineering,true,10,470,,
471,Eli471,63,eli471@example.com,Italy,49896.12,2016-04-24,Marketing,true,23.75,471,1.0,
472,Fiona472,64,fiona472@example.com,Netherlands,51167.68,2017-05-25,Sales,true,37.5,472,1.5,
473,George473,22,george473@example.com,Sweden,52439.24,2018-06-26,HR,false,51.25,473,2.0,
474,Helen474,23,helen474@example.com,Norway,53710.8,2019-07-27,Finance,true,65,474,2.5,
475,Ivan475,24,ivan475@example.com,Denmark,54982.36,2020-08-28,Operations,true,,475,3.0,
476,Julia476,,julia476@example.com,Poland,47612,2021-09-01,Legal,true,88.75,476,3.5,flagged for review
477,Kyle477,26,kyle477@example.com,Argentina,48883.56,2022-10-02,Product,true,2.5,477,4.0,
478,Luna478,27,luna478@example.com,South Korea,50155.12,2023-11-03,Design,true,16.25,478,4.5,
479,Max479,28,max479@example.com,Portugal,51426.68,2024-12-04,Support,true,30,479,5.0,
480,Nina480,29,nina480@example.com,USA,52698.24,2015-01-05,Engineering,true,40,480,,
481,Alice481,30,alice481@example.com,UK,53969.8,2016-02-06,Marketing,true,53.75,0,1.0,
482,Bob482,31,bob482@example.com,France,55241.36,2017-03-07,Sales,true,67.5,482,1.5,
483,Charlie483,32,,Germany,47871,2018-04-08,HR,true,81.25,483,2.0,flagged for review
484,Diana484,33,diana484@example.com,Canada,49142.56,2019-05-09,Finance,false,95,484,2.5,
485,Eve485,34,eve485@example.com,Australia,50414.12,2020-06-10,Operations,true,5,485,3.0,
486,Frank486,35,frank486@example.com,Japan,51685.68,2021-07-11,Legal,true,18.75,486,3.5,
487,Grace487,36,grace487@example.com,Brazil,52957.24,2022-08-12,Product,true,32.5,487,4.0,
488,Hank488,37,hank488@example.com,India,54228.8,2023-09-13,Design,true,46.25,488,4.5,
489,Iris489,38,iris489@example.com,Mexico,55500.36,2024-10-14,Support,true,60,489,5.0,
490,Jake490,39,jake490@example.com,Spain,48130,2015-11-15,Engineering,true,70,490,,flagged for review
491,Karen491,40,karen491@example.com,Italy,49401.56,2016-12-16,Marketing,true,83.75,491,1.0,
492,Leo492,41,leo492@example.com,Netherlands,50673.12,2017-01-17,Sales,true,97.5,492,1.5,
493,Mia493,,mia493@example.com,Sweden,51944.68,2018-02-18,HR,true,11.25,493,2.0,VIP customer
494,Noah494,43,noah494@example.com,Norway,53216.24,2019-03-19,Finance,true,,0,2.5,
495,Olivia495,44,olivia495@example.com,Denmark,54487.8,2020-04-20,Operations,false,35,495,3.0,
496,Paul496,45,paul496@example.com,Poland,,2021-05-21,Legal,true,48.75,496,3.5,
497,Quinn497,46,quinn497@example.com,Argentina,48389,2022-06-22,Product,true,62.5,497,4.0,flagged for review
498,Rachel498,47,rachel498@example.com,South Korea,49660.56,2023-07-23,Design,true,76.25,498,4.5,
499,Sam499,48,sam499@example.com,Portugal,50932.12,2024-08-24,Support,true,90,499,5.0,
500,Tara500,49,tara500@example.com,USA,999999,2015-09-25,Engineering,true,0,0,,
501,Uma501,50,uma501@example.com,UK,53475.24,2016-10-26,Marketing,true,13.75,1,1.0,
502,Victor502,51,victor502@example.com,France,54746.8,2017-11-27,Sales,true,27.5,2,1.5,
503,Wendy503,52,wendy503@example.com,Germany,56018.36,2018-12-28,HR,true,41.25,3,2.0,
504,Xander504,53,xander504@example.com,Canada,48648,2019-01-01,Finance,true,55,4,2.5,flagged for review
505,Yara505,54,yara505@example.com,Australia,49919.56,2020-02-02,Operations,true,65,5,3.0,
506,Zoe506,55,,Japan,51191.12,2021-03-03,Legal,false,78.75,6,3.5,
507,Aaron507,56,aaron507@example.com,Brazil,52462.68,2022-04-04,Product,true,92.5,0,4.0,
508,Bella508,57,bella508@example.com,India,53734.24,2023-05-05,Design,true,6.25,8,4.5,
509,Carl509,58,carl509@example.com,Mexico,55005.8,2024-06-06,Support,true,20,9,5.0,
510,Dora510,,dora510@example.com,Spain,56277.36,2015-07-07,Engineering,true,30,10,,
511,Eli511,60,eli511@example.com,Italy,48907,2016-08-08,Marketing,true,43.75,11,1.0,flagged for review
512,Fiona512,61,fiona512@example.com,Netherlands,50178.56,2017-09-09,Sales,true,57.5,12,1.5,
513,George513,62,george513@example.com,Sweden,51450.12,2018-10-10,HR,true,,13,2.0,
514,Helen514,63,helen514@example.com,Norway,52721.68,2019-11-11,Finance,true,85,14,2.5,
515,Ivan515,64,ivan515@example.com,Denmark,53993.24,2020-12-12,Operations,true,95,15,3.0,
516,Julia516,22,julia516@example.com,Poland,55264.8,2021-01-13,Legal,true,8.75,16,3.5,
517,Kyle517,23,kyle517@example.com,Argentina,56536.36,2022-02-14,Product,false,22.5,17,4.0,
518,Luna518,24,luna518@example.com,South Korea,49166,2023-03-15,Design,true,36.25,18,4.5,flagged for review
519,Max519,25,max519@example.com,Portugal,50437.56,2024-04-16,Support,true,50,19,5.0,
520,Nina520,26,nina520@example.com,USA,51709.12,2015-05-17,Engineering,true,60,0,,
521,Alice521,27,alice521@example.com,UK,52980.68,2016-06-18,Marketing,true,73.75,21,1.0,
522,Bob522,28,bob522@example.com,France,54252.24,2017-07-19,Sales,true,87.5,22,1.5,VIP customer
523,Charlie523,29,charlie523@example.com,Germany,55523.8,2018-08-20,HR,true,101.25,23,2.0,
524,Diana524,30,diana524@example.com,Canada,56795.36,2019-09-21,Finance,true,15,24,2.5,
525,Eve525,31,eve525@example.com,Australia,49425,2020-10-22,Operations,true,25,25,3.0,flagged for review
526,Frank526,32,frank526@example.com,Japan,50696.56,2021-11-23,Legal,true,38.75,26,3.5,
527,Grace527,,grace527@example.com,Brazil,,2022-12-24,Product,true,52.5,27,4.0,
528,Hank528,34,hank528@example.com,India,53239.68,2023-01-25,Design,false,66.25,28,4.5,
529,Iris529,35,,Mexico,54511.24,2024-02-26,Support,true,80,29,5.0,
530,Jake530,36,jake530@example.com,Spain,55782.8,2015-03-27,Engineering,true,90,30,,
531,Karen531,37,karen531@example.com,Italy,57054.36,2016-04-28,Marketing,true,3.75,31,1.0,
532,Leo532,38,leo532@example.com,Netherlands,49684,2017-05-01,Sales,true,,32,1.5,flagged for review
533,Mia533,39,mia533@example.com,Sweden,50955.56,2018-06-02,HR,true,31.25,0,2.0,
534,Noah534,40,noah534@example.com,Norway,52227.12,2019-07-03,Finance,true,45,34,2.5,
535,Olivia535,41,olivia535@example.com,Denmark,53498.68,2020-08-04,Operations,true,55,35,3.0,
536,Paul536,42,paul536@example.com,Poland,54770.24,2021-09-05,Legal,true,68.75,36,3.5,
537,Quinn537,43,quinn537@example.com,Argentina,56041.8,2022-10-06,Product,true,82.5,37,4.0,
538,Rachel538,44,rachel538@example.com,South Korea,57313.36,2023-11-07,Design,true,96.25,38,4.5,
539,Sam539,45,sam539@example.com,Portugal,49943,2024-12-08,Support,false,10,39,5.0,flagged for review
540,Tara540,46,tara540@example.com,USA,51214.56,2015-01-09,Engineering,true,20,40,,
541,Uma541,47,uma541@example.com,UK,52486.12,2016-02-10,Marketing,true,33.75,41,1.0,
542,Victor542,48,victor542@example.com,France,53757.68,2017-03-11,Sales,true,47.5,42,1.5,
543,Wendy543,49,wendy543@example.com,Germany,55029.24,2018-04-12,HR,true,61.25,43,2.0,
544,Xander544,,xander544@example.com,Canada,56300.8,2019-05-13,Finance,true,75,44,2.5,
545,Yara545,51,yara545@example.com,Australia,57572.36,2020-06-14,Operations,true,85,45,3.0,
546,Zoe546,52,zoe546@example.com,Japan,50202,2021-07-15,Legal,true,98.75,0,3.5,flagged for review
547,Aaron547,53,aaron547@example.com,Brazil,51473.56,2022-08-16,Product,true,12.5,47,4.0,
548,Bella548,54,bella548@example.com,India,52745.12,2023-09-17,Design,true,26.25,48,4.5,
549,Carl549,55,carl549@example.com,Mexico,54016.68,2024-10-18,Support,true,40,49,5.0,
550,Dora550,56,dora550@example.com,Spain,999999,2015-11-19,Engineering,false,50,50,,
551,Eli551,57,eli551@example.com,Italy,56559.8,2016-12-20,Marketing,true,,51,1.0,VIP customer
552,Fiona552,58,,Netherlands,57831.36,2017-01-21,Sales,true,77.5,52,1.5,
553,George553,59,george553@example.com,Sweden,50461,2018-02-22,HR,true,91.25,53,2.0,flagged for review
554,Helen554,60,helen554@example.com,Norway,51732.56,2019-03-23,Finance,true,5,54,2.5,
555,Ivan555,61,ivan555@example.com,Denmark,53004.12,2020-04-24,Operations,true,15,55,3.0,
556,Julia556,62,julia556@example.com,Poland,54275.68,2021-05-25,Legal,true,28.75,56,3.5,
557,Kyle557,63,kyle557@example.com,Argentina,55547.24,2022-06-26,Product,true,42.5,57,4.0,
558,Luna558,64,luna558@example.com,South Korea,,2023-07-27,Design,true,56.25,58,4.5,
559,Max559,22,max559@example.com,Portugal,58090.36,2024-08-28,Support,true,70,0,5.0,
560,Nina560,23,nina560@example.com,USA,50720,2015-09-01,Engineering,true,80,60,,flagged for review
561,Alice561,,alice561@example.com,UK,51991.56,2016-10-02,Marketing,false,93.75,61,1.0,
562,Bob562,25,bob562@example.com,France,53263.12,2017-11-03,Sales,true,7.5,62,1.5,
563,Charlie563,26,charlie563@example.com,Germany,54534.68,2018-12-04,HR,true,21.25,63,2.0,
564,Diana564,27,diana564@example.com,Canada,55806.24,2019-01-05,Finance,true,35,64,2.5,
565,Eve565,28,eve565@example.com,Australia,57077.8,2020-02-06,Operations,true,45,65,3.0,
566,Frank566,29,frank566@example.com,Japan,58349.36,2021-03-07,Legal,true,58.75,66,3.5,
567,Grace567,30,grace567@example.com,Brazil,50979,2022-04-08,Product,true,72.5,67,4.0,flagged for review
568,Hank568,31,hank568@example.com,India,52250.56,2023-05-09,Design,true,86.25,68,4.5,
569,Iris569,32,iris569@example.com,Mexico,53522.12,2024-06-10,Support,true,100,69,5.0,
570,Jake570,33,jake570@example.com,Spain,54793.68,2015-07-11,Engineering,true,,70,,
571,Karen571,34,karen571@example.com,Italy,56065.24,2016-08-12,Marketing,true,23.75,71,1.0,
572,Leo572,35,leo572@example.com,Netherlands,57336.8,2017-09-13,Sales,false,37.5,0,1.5,
573,Mia573,36,mia573@example.com,Sweden,58608.36,2018-10-14,HR,true,51.25,73,2.0,
574,Noah574,37,noah574@example.com,Norway,51238,2019-11-15,Finance,true,65,74,2.5,flagged for review
575,Olivia575,38,,Denmark,52509.56,2020-12-16,Operations,true,75,75,3.0,
576,Paul576,39,paul576@example.com,Poland,53781.12,2021-01-17,Legal,true,88.75,76,3.5,
577,Quinn577,40,quinn577@example.com,Argentina,55052.68,2022-02-18,Product,true,2.5,77,4.0,
578,Rachel578,,rachel578@example.com,South Korea,56324.24,2023-03-19,Design,true,16.25,78,4.5,
579,Sam579,42,sam579@example.com,Portugal,57595.8,2024-04-20,Support,true,30,79,5.0,
580,Tara580,43,tara580@example.com,USA,58867.36,2015-05-21,Engineering,true,40,80,,VIP customer
581,Uma581,44,uma581@example.com,UK,51497,2016-06-22,Marketing,true,53.75,81,1.0,flagged for review
582,Victor582,45,victor582@example.com,France,52768.56,2017-07-23,Sales,true,67.5,82,1.5,
583,Wendy583,46,wendy583@example.com,Germany,54040.12,2018-08-24,HR,false,81.25,83,2.0,
584,Xander584,47,xander584@example.com,Canada,55311.68,2019-09-25,Finance,true,95,84,2.5,
585,Yara585,48,yara585@example.com,Australia,56583.24,2020-10-26,Operations,true,5,0,3.0,
586,Zoe586,49,zoe586@example.com,Japan,57854.8,2021-11-27,Legal,true,18.75,86,3.5,
587,Aaron587,50,aaron587@example.com,Brazil,59126.36,2022-12-28,Product,true,32.5,87,4.0,
588,Bella588,51,bella588@example.com,India,51756,2023-01-01,Design,true,46.25,88,4.5,flagged for review
589,Carl589,52,carl589@example.com,Mexico,,2024-02-02,Support,true,,89,5.0,
590,Dora590,53,dora590@example.com,Spain,54299.12,2015-03-03,Engineering,true,70,90,,
591,Eli591,54,eli591@example.com,Italy,55570.68,2016-04-04,Marketing,true,83.75,91,1.0,
592,Fiona592,55,fiona592@example.com,Netherlands,56842.24,2017-05-05,Sales,true,97.5,92,1.5,
593,George593,56,george593@example.com,Sweden,58113.8,2018-06-06,HR,true,11.25,93,2.0,
594,Helen594,57,helen594@example.com,Norway,59385.36,2019-07-07,Finance,false,25,94,2.5,
595,Ivan595,,ivan595@example.com,Denmark,52015,2020-08-08,Operations,true,35,95,3.0,flagged for review
596,Julia596,59,julia596@example.com,Poland,53286.56,2021-09-09,Legal,true,48.75,96,3.5,
597,Kyle597,60,kyle597@example.com,Argentina,54558.12,2022-10-10,Product,true,62.5,97,4.0,
598,Luna598,61,,South Korea,55829.68,2023-11-11,Design,true,76.25,0,4.5,
599,Max599,62,max599@example.com,Portugal,57101.24,2024-12-12,Support,true,90,99,5.0,
600,Nina600,63,nina600@example.com,USA,999999,2015-01-13,Engineering,true,0,100,,
601,Alice601,64,alice601@example.com,UK,59644.36,2016-02-14,Marketing,true,13.75,101,1.0,
602,Bob602,22,bob602@example.com,France,52274,2017-03-15,Sales,true,27.5,102,1.5,flagged for review
603,Charlie603,23,charlie603@example.com,Germany,53545.56,2018-04-16,HR,true,41.25,103,2.0,
604,Diana604,24,diana604@example.com,Canada,54817.12,2019-05-17,Finance,true,55,104,2.5,
605,Eve605,25,eve605@example.com,Australia,56088.68,2020-06-18,Operations,false,65,105,3.0,
606,Frank606,26,frank606@example.com,Japan,57360.24,2021-07-19,Legal,true,78.75,106,3.5,
607,Grace607,27,grace607@example.com,Brazil,58631.8,2022-08-20,Product,true,92.5,107,4.0,
608,Hank608,28,hank608@example.com,India,59903.36,2023-09-21,Design,true,,108,4.5,
609,Iris609,29,iris609@example.com,Mexico,52533,2024-10-22,Support,true,20,109,5.0,flagged for review
610,Jake610,30,jake610@example.com,Spain,53804.56,2015-11-23,Engineering,true,30,110,,
611,Karen611,31,karen611@example.com,Italy,55076.12,2016-12-24,Marketing,true,43.75,0,1.0,
612,Leo612,,leo612@example.com,Netherlands,56347.68,2017-01-25,Sales,true,57.5,112,1.5,
613,Mia613,33,mia613@example.com,Sweden,57619.24,2018-02-26,HR,true,71.25,113,2.0,
614,Noah614,34,noah614@example.com,Norway,58890.8,2019-03-27,Finance,true,85,114,2.5,
615,Olivia615,35,olivia615@example.com,Denmark,60162.36,2020-04-28,Operations,true,95,115,3.0,
616,Paul616,36,paul616@example.com,Poland,52792,2021-05-01,Legal,false,8.75,116,3.5,flagged for review
617,Quinn617,37,quinn617@example.com,Argentina,54063.56,2022-06-02,Product,true,22.5,117,4.0,
618,Rachel618,38,rachel618@example.com,South Korea,55335.12,2023-07-03,Design,true,36.25,118,4.5,
619,Sam619,39,sam619@example.com,Portugal,56606.68,2024-08-04,Support,true,50,119,5.0,
620,Tara620,40,tara620@example.com,USA,,2015-09-05,Engineering,true,60,120,,
621,Uma621,41,,UK,59149.8,2016-10-06,Marketing,true,73.75,121,1.0,
622,Victor622,42,victor622@example.com,France,60421.36,2017-11-07,Sales,true,87.5,122,1.5,
623,Wendy623,43,wendy623@example.com,Germany,53051,2018-12-08,HR,true,101.25,123,2.0,flagged for review
624,Xander624,44,xander624@example.com,Canada,54322.56,2019-01-09,Finance,true,15,0,2.5,
625,Yara625,45,yara625@example.com,Australia,55594.12,2020-02-10,Operations,true,25,125,3.0,
626,Zoe626,46,zoe626@example.com,Japan,56865.68,2021-03-11,Legal,true,38.75,126,3.5,
627,Aaron627,47,aaron627@example.com,Brazil,58137.24,2022-04-12,Product,false,,127,4.0,
628,Bella628,48,bella628@example.com,India,59408.8,2023-05-13,Design,true,66.25,128,4.5,
629,Carl629,,carl629@example.com,Mexico,60680.36,2024-06-14,Support,true,80,129,5.0,
630,Dora630,50,dora630@example.com,Spain,53310,2015-07-15,Engineering,true,90,130,,flagged for review
631,Eli631,51,eli631@example.com,Italy,54581.56,2016-08-16,Marketing,true,3.75,131,1.0,
632,Fiona632,52,fiona632@example.com,Netherlands,55853.12,2017-09-17,Sales,true,17.5,132,1.5,
633,George633,53,george633@example.com,Sweden,57124.68,2018-10-18,HR,true,31.25,133,2.0,
634,Helen634,54,helen634@example.com,Norway,58396.24,2019-11-19,Finance,true,45,134,2.5,
635,Ivan635,55,ivan635@example.com,Denmark,59667.8,2020-12-20,Operations,true,55,135,3.0,
636,Julia636,56,julia636@example.com,Poland,60939.36,2021-01-21,Legal,true,68.75,136,3.5,
637,Kyle637,57,kyle637@example.com,Argentina,53569,2022-02-22,Product,true,82.5,0,4.0,flagged for review
638,Luna638,58,luna638@example.com,South Korea,54840.56,2023-03-23,Design,false,96.25,138,4.5,VIP customer
639,Max639,59,max639@example.com,Portugal,56112.12,2024-04-24,Support,true,10,139,5.0,
640,Nina640,60,nina640@example.com,USA,57383.68,2015-05-25,Engineering,true,20,140,,
641,Alice641,61,alice641@example.com,UK,58655.24,2016-06-26,Marketing,true,33.75,141,1.0,
642,Bob642,62,bob642@example.com,France,59926.8,2017-07-27,Sales,true,47.5,142,1.5,
643,Charlie643,63,charlie643@example.com,Germany,61198.36,2018-08-28,HR,true,61.25,143,2.0,
644,Diana644,64,,Canada,53828,2019-09-01,Finance,true,75,144,2.5,flagged for review
645,Eve645,22,eve645@example.com,Australia,55099.56,2020-10-02,Operations,true,85,145,3.0,
646,Frank646,,frank646@example.com,Japan,56371.12,2021-11-03,Legal,true,,146,3.5,
647,Grace647,24,grace647@example.com,Brazil,57642.68,2022-12-04,Product,true,12.5,147,4.0,
648,Hank648,25,hank648@example.com,India,58914.24,2023-01-05,Design,true,26.25,148,4.5,
649,Iris649,26,iris649@example.com,Mexico,60185.8,2024-02-06,Support,false,40,149,5.0,
650,Jake650,27,jake650@example.com,Spain,999999,2015-03-07,Engineering,true,50,0,,
651,Karen651,28,karen651@example.com,Italy,,2016-04-08,Marketing,true,63.75,151,1.0,flagged for review
652,Leo652,29,leo652@example.com,Netherlands,55358.56,2017-05-09,Sales,true,77.5,152,1.5,
653,Mia653,30,mia653@example.com,Sweden,56630.12,2018-06-10,HR,true,91.25,153,2.0,
654,Noah654,31,noah654@example.com,Norway,57901.68,2019-07-11,Finance,true,5,154,2.5,
655,Olivia655,32,olivia655@example.com,Denmark,59173.24,2020-08-12,Operations,true,15,155,3.0,
656,Paul656,33,paul656@example.com,Poland,60444.8,2021-09-13,Legal,true,28.75,156,3.5,
657,Quinn657,34,quinn657@example.com,Argentina,61716.36,2022-10-14,Product,true,42.5,157,4.0,
658,Rachel658,35,rachel658@example.com,South Korea,54346,2023-11-15,Design,true,56.25,158,4.5,flagged for review
659,Sam659,36,sam659@example.com,Portugal,55617.56,2024-12-16,Support,true,70,159,5.0,
660,Tara660,37,tara660@example.com,USA,56889.12,2015-01-17,Engineering,false,80,160,,
661,Uma661,38,uma661@example.com,UK,58160.68,2016-02-18,Marketing,true,93.75,161,1.0,
662,Victor662,39,victor662@example.com,France,59432.24,2017-03-19,Sales,true,7.5,162,1.5,
663,Wendy663,,wendy663@example.com,Germany,60703.8,2018-04-20,HR,true,21.25,0,2.0,
664,Xander664,41,xander664@example.com,Canada,61975.36,2019-05-21,Finance,true,35,164,2.5,
665,Yara665,42,yara665@example.com,Australia,54605,2020-06-22,Operations,true,,165,3.0,flagged for review
666,Zoe666,43,zoe666@example.com,Japan,55876.56,2021-07-23,Legal,true,58.75,166,3.5,
667,Aaron667,44,,Brazil,57148.12,2022-08-24,Product,true,72.5,167,4.0,VIP customer
668,Bella668,45,bella668@example.com,India,58419.68,2023-09-25,Design,true,86.25,168,4.5,
669,Carl669,46,carl669@example.com,Mexico,59691.24,2024-10-26,Support,true,100,169,5.0,
670,Dora670,47,dora670@example.com,Spain,60962.8,2015-11-27,Engineering,true,10,170,,
671,Eli671,48,eli671@example.com,Italy,62234.36,2016-12-28,Marketing,false,23.75,171,1.0,
672,Fiona672,49,fiona672@example.com,Netherlands,54864,2017-01-01,Sales,true,37.5,172,1.5,flagged for review
673,George673,50,george673@example.com,Sweden,56135.56,2018-02-02,HR,true,51.25,173,2.0,
674,Helen674,51,helen674@example.com,Norway,57407.12,2019-03-03,Finance,true,65,174,2.5,
675,Ivan675,52,ivan675@example.com,Denmark,58678.68,2020-04-04,Operations,true,75,175,3.0,
676,Julia676,53,julia676@example.com,Poland,59950.24,2021-05-05,Legal,true,88.75,0,3.5,
677,Kyle677,54,kyle677@example.com,Argentina,61221.8,2022-06-06,Product,true,2.5,177,4.0,
678,Luna678,55,luna678@example.com,South Korea,62493.36,2023-07-07,Design,true,16.25,178,4.5,
679,Max679,56,max679@example.com,Portugal,55123,2024-08-08,Support,true,30,179,5.0,flagged for review
680,Nina680,,nina680@example.com,USA,56394.56,2015-09-09,Engineering,true,40,180,,
681,Alice681,58,alice681@example.com,UK,57666.12,2016-10-10,Marketing,true,53.75,181,1.0,
682,Bob682,59,bob682@example.com,France,,2017-11-11,Sales,false,67.5,182,1.5,
683,Charlie683,60,charlie683@example.com,Germany,60209.24,2018-12-12,HR,true,81.25,183,2.0,
684,Diana684,61,diana684@example.com,Canada,61480.8,2019-01-13,Finance,true,,184,2.5,
685,Eve685,62,eve685@example.com,Australia,62752.36,2020-02-14,Operations,true,5,185,3.0,
686,Frank686,63,frank686@example.com,Japan,55382,2021-03-15,Legal,true,18.75,186,3.5,flagged for review
687,Grace687,64,grace687@example.com,Brazil,56653.56,2022-04-16,Product,true,32.5,187,4.0,
688,Hank688,22,hank688@example.com,India,57925.12,2023-05-17,Design,true,46.25,188,4.5,
689,Iris689,23,iris689@example.com,Mexico,59196.68,2024-06-18,Support,true,60,0,5.0,
690,Jake690,24,,Spain,60468.24,2015-07-19,Engineering,true,70,190,,
691,Karen691,25,karen691@example.com,Italy,61739.8,2016-08-20,Marketing,true,83.75,191,1.0,
692,Leo692,26,leo692@example.com,Netherlands,63011.36,2017-09-21,Sales,true,97.5,192,1.5,
693,Mia693,27,mia693@example.com,Sweden,55641,2018-10-22,HR,false,11.25,193,2.0,flagged for review
694,Noah694,28,noah694@example.com,Norway,56912.56,2019-11-23,Finance,true,25,194,2.5,
695,Olivia695,29,olivia695@example.com,Denmark,58184.12,2020-12-24,Operations,true,35,195,3.0,
696,Paul696,30,paul696@example.com,Poland,59455.68,2021-01-25,Legal,true,48.75,196,3.5,VIP customer
697,Quinn697,,quinn697@example.com,Argentina,60727.24,2022-02-26,Product,true,62.5,197,4.0,
698,Rachel698,32,rachel698@example.com,South Korea,61998.8,2023-03-27,Design,true,76.25,198,4.5,
699,Sam699,33,sam699@example.com,Portugal,63270.36,2024-04-28,Support,true,90,199,5.0,
700,Tara700,34,tara700@example.com,USA,999999,2015-05-01,Engineering,true,0,200,,flagged for review
701,Uma701,35,uma701@example.com,UK,57171.56,2016-06-02,Marketing,true,13.75,201,1.0,
702,Victor702,36,victor702@example.com,France,58443.12,2017-07-03,Sales,true,27.5,0,1.5,
703,Wendy703,37,wendy703@example.com,Germany,59714.68,2018-08-04,HR,true,,203,2.0,
704,Xander704,38,xander704@example.com,Canada,60986.24,2019-09-05,Finance,false,55,204,2.5,
705,Yara705,39,yara705@example.com,Australia,62257.8,2020-10-06,Operations,true,65,205,3.0,
706,Zoe706,40,zoe706@example.com,Japan,63529.36,2021-11-07,Legal,true,78.75,206,3.5,
707,Aaron707,41,aaron707@example.com,Brazil,56159,2022-12-08,Product,true,92.5,207,4.0,flagged for review
708,Bella708,42,bella708@example.com,India,57430.56,2023-01-09,Design,true,6.25,208,4.5,
709,Carl709,43,carl709@example.com,Mexico,58702.12,2024-02-10,Support,true,20,209,5.0,
710,Dora710,44,dora710@example.com,Spain,59973.68,2015-03-11,Engineering,true,30,210,,
711,Eli711,45,eli711@example.com,Italy,61245.24,2016-04-12,Marketing,true,43.75,211,1.0,
712,Fiona712,46,fiona712@example.com,Netherlands,62516.8,2017-05-13,Sales,true,57.5,212,1.5,
713,George713,47,,Sweden,,2018-06-14,HR,true,71.25,213,2.0,
714,Helen714,,helen714@example.com,Norway,56418,2019-07-15,Finance,true,85,214,2.5,flagged for review
715,Ivan715,49,ivan715@example.com,Denmark,57689.56,2020-08-16,Operations,false,95,0,3.0,
716,Julia716,50,julia716@example.com,Poland,58961.12,2021-09-17,Legal,true,8.75,216,3.5,
717,Kyle717,51,kyle717@example.com,Argentina,60232.68,2022-10-18,Product,true,22.5,217,4.0,
718,Luna718,52,luna718@example.com,South Korea,61504.24,2023-11-19,Design,true,36.25,218,4.5,
719,Max719,53,max719@example.com,Portugal,62775.8,2024-12-20,Support,true,50,219,5.0,
720,Nina720,54,nina720@example.com,USA,64047.36,2015-01-21,Engineering,true,60,220,,
721,Alice721,55,alice721@example.com,UK,56677,2016-02-22,Marketing,true,73.75,221,1.0,flagged for review
722,Bob722,56,bob722@example.com,France,57948.56,2017-03-23,Sales,true,,222,1.5,
723,Charlie723,57,charlie723@example.com,Germany,59220.12,2018-04-24,HR,true,101.25,223,2.0,
724,Diana724,58,diana724@example.com,Canada,60491.68,2019-05-25,Finance,true,15,224,2.5,
725,Eve725,59,eve725@example.com,Australia,61763.24,2020-06-26,Operations,true,25,225,3.0,VIP customer
726,Frank726,60,frank726@example.com,Japan,63034.8,2021-07-27,Legal,false,38.75,226,3.5,
727,Grace727,61,grace727@example.com,Brazil,64306.36,2022-08-28,Product,true,52.5,227,4.0,
728,Hank728,62,hank728@example.com,India,56936,2023-09-01,Design,true,66.25,0,4.5,flagged for review
729,Iris729,63,iris729@example.com,Mexico,58207.56,2024-10-02,Support,true,80,229,5.0,
730,Jake730,64,jake730@example.com,Spain,59479.12,2015-11-03,Engineering,true,90,230,,
731,Karen731,,karen731@example.com,Italy,60750.68,2016-12-04,Marketing,true,3.75,231,1.0,
732,Leo732,23,leo732@example.com,Netherlands,62022.24,2017-01-05,Sales,true,17.5,232,1.5,
733,Mia733,24,mia733@example.com,Sweden,63293.8,2018-02-06,HR,true,31.25,233,2.0,
734,Noah734,25,noah734@example.com,Norway,64565.36,2019-03-07,Finance,true,45,234,2.5,
735,Olivia735,26,olivia735@example.com,Denmark,57195,2020-04-08,Operations,true,55,235,3.0,flagged for review
736,Paul736,27,,Poland,58466.56,2021-05-09,Legal,true,68.75,236,3.5,
737,Quinn737,28,quinn737@example.com,Argentina,59738.12,2022-06-10,Product,false,82.5,237,4.0,
738,Rachel738,29,rachel738@example.com,South Korea,61009.68,2023-07-11,Design,true,96.25,238,4.5,
739,Sam739,30,sam739@example.com,Portugal,62281.24,2024-08-12,Support,true,10,239,5.0,
740,Tara740,31,tara740@example.com,USA,63552.8,2015-09-13,Engineering,true,20,240,,
741,Uma741,32,uma741@example.com,UK,64824.36,2016-10-14,Marketing,true,,0,1.0,
742,Victor742,33,victor742@example.com,France,57454,2017-11-15,Sales,true,47.5,242,1.5,flagged for review
743,Wendy743,34,wendy743@example.com,Germany,58725.56,2018-12-16,HR,true,61.25,243,2.0,
744,Xander744,35,xander744@example.com,Canada,,2019-01-17,Finance,true,75,244,2.5,
745,Yara745,36,yara745@example.com,Australia,61268.68,2020-02-18,Operations,true,85,245,3.0,
746,Zoe746,37,zoe746@example.com,Japan,62540.24,2021-03-19,Legal,true,98.75,246,3.5,
747,Aaron747,38,aaron747@example.com,Brazil,63811.8,2022-04-20,Product,true,12.5,247,4.0,
748,Bella748,,bella748@example.com,India,65083.36,2023-05-21,Design,false,26.25,248,4.5,
749,Carl749,40,carl749@example.com,Mexico,57713,2024-06-22,Support,true,40,249,5.0,flagged for review
750,Dora750,41,dora750@example.com,Spain,999999,2015-07-23,Engineering,true,50,250,,
751,Eli751,42,eli751@example.com,Italy,60256.12,2016-08-24,Marketing,true,63.75,251,1.0,
752,Fiona752,43,fiona752@example.com,Netherlands,61527.68,2017-09-25,Sales,true,77.5,252,1.5,
753,George753,44,george753@example.com,Sweden,62799.24,2018-10-26,HR,true,91.25,253,2.0,
754,Helen754,45,helen754@example.com,Norway,64070.8,2019-11-27,Finance,true,5,0,2.5,VIP customer
755,Ivan755,46,ivan755@example.com,Denmark,65342.36,2020-12-28,Operations,true,15,255,3.0,
756,Julia756,47,julia756@example.com,Poland,57972,2021-01-01,Legal,true,28.75,256,3.5,flagged for review
757,Kyle757,48,kyle757@example.com,Argentina,59243.56,2022-02-02,Product,true,42.5,257,4.0,
758,Luna758,49,luna758@example.com,South Korea,60515.12,2023-03-03,Design,true,56.25,258,4.5,
759,Max759,50,,Portugal,61786.68,2024-04-04,Support,false,70,259,5.0,
760,Nina760,51,nina760@example.com,USA,63058.24,2015-05-05,Engineering,true,,260,,
761,Alice761,52,alice761@example.com,UK,64329.8,2016-06-06,Marketing,true,93.75,261,1.0,
762,Bob762,53,bob762@example.com,France,65601.36,2017-07-07,Sales,true,7.5,262,1.5,
763,Charlie763,54,charlie763@example.com,Germany,58231,2018-08-08,HR,true,21.25,263,2.0,flagged for review
764,Diana764,55,diana764@example.com,Canada,59502.56,2019-09-09,Finance,true,35,264,2.5,
765,Eve765,,eve765@example.com,Australia,60774.12,2020-10-10,Operations,true,45,265,3.0,
766,Frank766,57,frank766@example.com,Japan,62045.68,2021-11-11,Legal,true,58.75,266,3.5,
767,Grace767,58,grace767@example.com,Brazil,63317.24,2022-12-12,Product,true,72.5,0,4.0,
768,Hank768,59,hank768@example.com,India,64588.8,2023-01-13,Design,true,86.25,268,4.5,
769,Iris769,60,iris769@example.com,Mexico,65860.36,2024-02-14,Support,true,100,269,5.0,
770,Jake770,61,jake770@example.com,Spain,58490,2015-03-15,Engineering,false,10,270,,flagged for review
771,Karen771,62,karen771@example.com,Italy,59761.56,2016-04-16,Marketing,true,23.75,271,1.0,
772,Leo772,63,leo772@example.com,Netherlands,61033.12,2017-05-17,Sales,true,37.5,272,1.5,
773,Mia773,64,mia773@example.com,Sweden,62304.68,2018-06-18,HR,true,51.25,273,2.0,
774,Noah774,22,noah774@example.com,Norway,63576.24,2019-07-19,Finance,true,65,274,2.5,
775,Olivia775,23,olivia775@example.com,Denmark,,2020-08-20,Operations,true,75,275,3.0,
776,Paul776,24,paul776@example.com,Poland,66119.36,2021-09-21,Legal,true,88.75,276,3.5,
777,Quinn777,25,quinn777@example.com,Argentina,58749,2022-10-22,Product,true,2.5,277,4.0,flagged for review
778,Rachel778,26,rachel778@example.com,South Korea,60020.56,2023-11-23,Design,true,16.25,278,4.5,
779,Sam779,27,sam779@example.com,Portugal,61292.12,2024-12-24,Support,true,,279,5.0,
780,Tara780,28,tara780@example.com,USA,62563.68,2015-01-25,Engineering,true,40,0,,
781,Uma781,29,uma781@example.com,UK,63835.24,2016-02-26,Marketing,false,53.75,281,1.0,
782,Victor782,,,France,65106.8,2017-03-27,Sales,true,67.5,282,1.5,
783,Wendy783,31,wendy783@example.com,Germany,66378.36,2018-04-28,HR,true,81.25,283,2.0,VIP customer
784,Xander784,32,xander784@example.com,Canada,59008,2019-05-01,Finance,true,95,284,2.5,flagged for review
785,Yara785,33,yara785@example.com,Australia,60279.56,2020-06-02,Operations,true,5,285,3.0,
786,Zoe786,34,zoe786@example.com,Japan,61551.12,2021-07-03,Legal,true,18.75,286,3.5,
787,Aaron787,35,aaron787@example.com,Brazil,62822.68,2022-08-04,Product,true,32.5,287,4.0,
788,Bella788,36,bella788@example.com,India,64094.24,2023-09-05,Design,true,46.25,288,4.5,
789,Carl789,37,carl789@example.com,Mexico,65365.8,2024-10-06,Support,true,60,289,5.0,
790,Dora790,38,dora790@example.com,Spain,66637.36,2015-11-07,Engineering,true,70,290,,
791,Eli791,39,eli791@example.com,Italy,59267,2016-12-08,Marketing,true,83.75,291,1.0,flagged for review
792,Fiona792,40,fiona792@example.com,Netherlands,60538.56,2017-01-09,Sales,false,97.5,292,1.5,
793,George793,41,george793@example.com,Sweden,61810.12,2018-02-10,HR,true,11.25,0,2.0,
794,Helen794,42,helen794@example.com,Norway,63081.68,2019-03-11,Finance,true,25,294,2.5,
795,Ivan795,43,ivan795@example.com,Denmark,64353.24,2020-04-12,Operations,true,35,295,3.0,
796,Julia796,44,julia796@example.com,Poland,65624.8,2021-05-13,Legal,true,48.75,296,3.5,
797,Kyle797,45,kyle797@example.com,Argentina,66896.36,2022-06-14,Product,true,62.5,297,4.0,
798,Luna798,46,luna798@example.com,South Korea,59526,2023-07-15,Design,true,,298,4.5,flagged for review
799,Max799,,max799@example.com,Portugal,60797.56,2024-08-16,Support,true,90,299,5.0,
800,Nina800,48,nina800@example.com,USA,999999,2015-09-17,Engineering,true,0,300,,
801,Alice801,49,alice801@example.com,UK,63340.68,2016-10-18,Marketing,true,13.75,301,1.0,
802,Bob802,50,bob802@example.com,France,64612.24,2017-11-19,Sales,true,27.5,302,1.5,
803,Charlie803,51,charlie803@example.com,Germany,65883.8,2018-12-20,HR,false,41.25,303,2.0,
804,Diana804,52,diana804@example.com,Canada,67155.36,2019-01-21,Finance,true,55,304,2.5,
805,Eve805,53,,Australia,59785,2020-02-22,Operations,true,65,305,3.0,flagged for review
806,Frank806,54,frank806@example.com,Japan,,2021-03-23,Legal,true,78.75,0,3.5,
807,Grace807,55,grace807@example.com,Brazil,62328.12,2022-04-24,Product,true,92.5,307,4.0,
808,Hank808,56,hank808@example.com,India,63599.68,2023-05-25,Design,true,6.25,308,4.5,
809,Iris809,57,iris809@example.com,Mexico,64871.24,2024-06-26,Support,true,20,309,5.0,
810,Jake810,58,jake810@example.com,Spain,66142.8,2015-07-27,Engineering,true,30,310,,
811,Karen811,59,karen811@example.com,Italy,67414.36,2016-08-28,Marketing,true,43.75,311,1.0,
812,Leo812,60,leo812@example.com,Netherlands,60044,2017-09-01,Sales,true,57.5,312,1.5,flagged for review
813,Mia813,61,mia813@example.com,Sweden,61315.56,2018-10-02,HR,true,71.25,313,2.0,
814,Noah814,62,noah814@example.com,Norway,62587.12,2019-11-03,Finance,false,85,314,2.5,
815,Olivia815,63,olivia815@example.com,Denmark,63858.68,2020-12-04,Operations,true,95,315,3.0,
816,Paul816,,paul816@example.com,Poland,65130.24,2021-01-05,Legal,true,8.75,316,3.5,
817,Quinn817,22,quinn817@example.com,Argentina,66401.8,2022-02-06,Product,true,,317,4.0,
818,Rachel818,23,rachel818@example.com,South Korea,67673.36,2023-03-07,Design,true,36.25,318,4.5,
819,Sam819,24,sam819@example.com,Portugal,60303,2024-04-08,Support,true,50,0,5.0,flagged for review
820,Tara820,25,tara820@example.com,USA,61574.56,2015-05-09,Engineering,true,60,320,,
821,Uma821,26,uma821@example.com,UK,62846.12,2016-06-10,Marketing,true,73.75,321,1.0,
822,Victor822,27,victor822@example.com,France,64117.68,2017-07-11,Sales,true,87.5,322,1.5,
823,Wendy823,28,wendy823@example.com,Germany,65389.24,2018-08-12,HR,true,101.25,323,2.0,
824,Xander824,29,xander824@example.com,Canada,66660.8,2019-09-13,Finance,true,15,324,2.5,
825,Yara825,30,yara825@example.com,Australia,67932.36,2020-10-14,Operations,false,25,325,3.0,
826,Zoe826,31,zoe826@example.com,Japan,60562,2021-11-15,Legal,true,38.75,326,3.5,flagged for review
827,Aaron827,32,aaron827@example.com,Brazil,61833.56,2022-12-16,Product,true,52.5,327,4.0,
828,Bella828,33,,India,63105.12,2023-01-17,Design,true,66.25,328,4.5,
829,Carl829,34,carl829@example.com,Mexico,64376.68,2024-02-18,Support,true,80,329,5.0,
830,Dora830,35,dora830@example.com,Spain,65648.24,2015-03-19,Engineering,true,90,330,,
831,Eli831,36,eli831@example.com,Italy,66919.8,2016-04-20,Marketing,true,3.75,331,1.0,
832,Fiona832,37,fiona832@example.com,Netherlands,68191.36,2017-05-21,Sales,true,17.5,0,1.5,
833,George833,,george833@example.com,Sweden,60821,2018-06-22,HR,true,31.25,333,2.0,flagged for review
834,Helen834,39,helen834@example.com,Norway,62092.56,2019-07-23,Finance,true,45,334,2.5,
835,Ivan835,40,ivan835@example.com,Denmark,63364.12,2020-08-24,Operations,true,55,335,3.0,
836,Julia836,41,julia836@example.com,Poland,64635.68,2021-09-25,Legal,false,,336,3.5,
837,Kyle837,42,kyle837@example.com,Argentina,,2022-10-26,Product,true,82.5,337,4.0,
838,Luna838,43,luna838@example.com,South Korea,67178.8,2023-11-27,Design,true,96.25,338,4.5,
839,Max839,44,max839@example.com,Portugal,68450.36,2024-12-28,Support,true,10,339,5.0,
840,Nina840,45,nina840@example.com,USA,61080,2015-01-01,Engineering,true,20,340,,flagged for review
841,Alice841,46,alice841@example.com,UK,62351.56,2016-02-02,Marketing,true,33.75,341,1.0,VIP customer
842,Bob842,47,bob842@example.com,France,63623.12,2017-03-03,Sales,true,47.5,342,1.5,
843,Charlie843,48,charlie843@example.com,Germany,64894.68,2018-04-04,HR,true,61.25,343,2.0,
844,Diana844,49,diana844@example.com,Canada,66166.24,2019-05-05,Finance,true,75,344,2.5,
845,Eve845,50,eve845@example.com,Australia,67437.8,2020-06-06,Operations,true,85,0,3.0,
846,Frank846,51,frank846@example.com,Japan,68709.36,2021-07-07,Legal,true,98.75,346,3.5,
847,Grace847,52,grace847@example.com,Brazil,61339,2022-08-08,Product,false,12.5,347,4.0,flagged for review
848,Hank848,53,hank848@example.com,India,62610.56,2023-09-09,Design,true,26.25,348,4.5,
849,Iris849,54,iris849@example.com,Mexico,63882.12,2024-10-10,Support,true,40,349,5.0,
850,Jake850,,jake850@example.com,Spain,999999,2015-11-11,Engineering,true,50,350,,
851,Karen851,56,,Italy,66425.24,2016-12-12,Marketing,true,63.75,351,1.0,
852,Leo852,57,leo852@example.com,Netherlands,67696.8,2017-01-13,Sales,true,77.5,352,1.5,
853,Mia853,58,mia853@example.com,Sweden,68968.36,2018-02-14,HR,true,91.25,353,2.0,
854,Noah854,59,noah854@example.com,Norway,61598,2019-03-15,Finance,true,5,354,2.5,flagged for review
855,Olivia855,60,olivia855@example.com,Denmark,62869.56,2020-04-16,Operations,true,,355,3.0,
856,Paul856,61,paul856@example.com,Poland,64141.12,2021-05-17,Legal,true,28.75,356,3.5,
857,Quinn857,62,quinn857@example.com,Argentina,65412.68,2022-06-18,Product,true,42.5,357,4.0,
858,Rachel858,63,rachel858@example.com,South Korea,66684.24,2023-07-19,Design,false,56.25,0,4.5,
859,Sam859,64,sam859@example.com,Portugal,67955.8,2024-08-20,Support,true,70,359,5.0,
860,Tara860,22,tara860@example.com,USA,69227.36,2015-09-21,Engineering,true,80,360,,
861,Uma861,23,uma861@example.com,UK,61857,2016-10-22,Marketing,true,93.75,361,1.0,flagged for review
862,Victor862,24,victor862@example.com,France,63128.56,2017-11-23,Sales,true,7.5,362,1.5,
863,Wendy863,25,wendy863@example.com,Germany,64400.12,2018-12-24,HR,true,21.25,363,2.0,
864,Xander864,26,xander864@example.com,Canada,65671.68,2019-01-25,Finance,true,35,364,2.5,
865,Yara865,27,yara865@example.com,Australia,66943.24,2020-02-26,Operations,true,45,365,3.0,
866,Zoe866,28,zoe866@example.com,Japan,68214.8,2021-03-27,Legal,true,58.75,366,3.5,
867,Aaron867,,aaron867@example.com,Brazil,69486.36,2022-04-28,Product,true,72.5,367,4.0,
868,Bella868,30,bella868@example.com,India,,2023-05-01,Design,true,86.25,368,4.5,flagged for review
869,Carl869,31,carl869@example.com,Mexico,63387.56,2024-06-02,Support,false,100,369,5.0,
870,Dora870,32,dora870@example.com,Spain,64659.12,2015-07-03,Engineering,true,10,370,,VIP customer
871,Eli871,33,eli871@example.com,Italy,65930.68,2016-08-04,Marketing,true,23.75,0,1.0,
872,Fiona872,34,fiona872@example.com,Netherlands,67202.24,2017-09-05,Sales,true,37.5,372,1.5,
873,George873,35,george873@example.com,Sweden,68473.8,2018-10-06,HR,true,51.25,373,2.0,
874,Helen874,36,,Norway,69745.36,2019-11-07,Finance,true,,374,2.5,
875,Ivan875,37,ivan875@example.com,Denmark,62375,2020-12-08,Operations,true,75,375,3.0,flagged for review
876,Julia876,38,julia876@example.com,Poland,63646.56,2021-01-09,Legal,true,88.75,376,3.5,
877,Kyle877,39,kyle877@example.com,Argentina,64918.12,2022-02-10,Product,true,2.5,377,4.0,
878,Luna878,40,luna878@example.com,South Korea,66189.68,2023-03-11,Design,true,16.25,378,4.5,
879,Max879,41,max879@example.com,Portugal,67461.24,2024-04-12,Support,true,30,379,5.0,
880,Nina880,42,nina880@example.com,USA,68732.8,2015-05-13,Engineering,false,40,380,,
881,Alice881,43,alice881@example.com,UK,70004.36,2016-06-14,Marketing,true,53.75,381,1.0,
882,Bob882,44,bob882@example.com,France,62634,2017-07-15,Sales,true,67.5,382,1.5,flagged for review
883,Charlie883,45,charlie883@example.com,Germany,63905.56,2018-08-16,HR,true,81.25,383,2.0,
884,Diana884,,diana884@example.com,Canada,65177.12,2019-09-17,Finance,true,95,0,2.5,
885,Eve885,47,eve885@example.com,Australia,66448.68,2020-10-18,Operations,true,5,385,3.0,
886,Frank886,48,frank886@example.com,Japan,67720.24,2021-11-19,Legal,true,18.75,386,3.5,
887,Grace887,49,grace887@example.com,Brazil,68991.8,2022-12-20,Product,true,32.5,387,4.0,
888,Hank888,50,hank888@example.com,India,70263.36,2023-01-21,Design,true,46.25,388,4.5,
889,Iris889,51,iris889@example.com,Mexico,62893,2024-02-22,Support,true,60,389,5.0,flagged for review
890,Jake890,52,jake890@example.com,Spain,64164.56,2015-03-23,Engineering,true,70,390,,
891,Karen891,53,karen891@example.com,Italy,65436.12,2016-04-24,Marketing,false,83.75,391,1.0,
892,Leo892,54,leo892@example.com,Netherlands,66707.68,2017-05-25,Sales,true,97.5,392,1.5,
893,Mia893,55,mia893@example.com,Sweden,67979.24,2018-06-26,HR,true,,393,2.0,
894,Noah894,56,noah894@example.com,Norway,69250.8,2019-07-27,Finance,true,25,394,2.5,
895,Olivia895,57,olivia895@example.com,Denmark,70522.36,2020-08-28,Operations,true,35,395,3.0,
896,Paul896,58,paul896@example.com,Poland,63152,2021-09-01,Legal,true,48.75,396,3.5,flagged for review
897,Quinn897,59,,Argentina,64423.56,2022-10-02,Product,true,62.5,0,4.0,
898,Rachel898,60,rachel898@example.com,South Korea,65695.12,2023-11-03,Design,true,76.25,398,4.5,
899,Sam899,61,sam899@example.com,Portugal,,2024-12-04,Support,true,90,399,5.0,VIP customer
900,Tara900,62,tara900@example.com,USA,999999,2015-01-05,Engineering,true,0,400,,
901,Uma901,,uma901@example.com,UK,69509.8,2016-02-06,Marketing,true,13.75,401,1.0,
902,Victor902,64,victor902@example.com,France,70781.36,2017-03-07,Sales,false,27.5,402,1.5,
903,Wendy903,22,wendy903@example.com,Germany,63411,2018-04-08,HR,true,41.25,403,2.0,flagged for review
904,Xander904,23,xander904@example.com,Canada,64682.56,2019-05-09,Finance,true,55,404,2.5,
905,Yara905,24,yara905@example.com,Australia,65954.12,2020-06-10,Operations,true,65,405,3.0,
906,Zoe906,25,zoe906@example.com,Japan,67225.68,2021-07-11,Legal,true,78.75,406,3.5,
907,Aaron907,26,aaron907@example.com,Brazil,68497.24,2022-08-12,Product,true,92.5,407,4.0,
908,Bella908,27,bella908@example.com,India,69768.8,2023-09-13,Design,true,6.25,408,4.5,
909,Carl909,28,carl909@example.com,Mexico,71040.36,2024-10-14,Support,true,20,409,5.0,
910,Dora910,29,dora910@example.com,Spain,63670,2015-11-15,Engineering,true,30,0,,flagged for review
911,Eli911,30,eli911@example.com,Italy,64941.56,2016-12-16,Marketing,true,43.75,411,1.0,
912,Fiona912,31,fiona912@example.com,Netherlands,66213.12,2017-01-17,Sales,true,,412,1.5,
913,George913,32,george913@example.com,Sweden,67484.68,2018-02-18,HR,false,71.25,413,2.0,
914,Helen914,33,helen914@example.com,Norway,68756.24,2019-03-19,Finance,true,85,414,2.5,
915,Ivan915,34,ivan915@example.com,Denmark,70027.8,2020-04-20,Operations,true,95,415,3.0,
916,Julia916,35,julia916@example.com,Poland,71299.36,2021-05-21,Legal,true,8.75,416,3.5,
917,Kyle917,36,kyle917@example.com,Argentina,63929,2022-06-22,Product,true,22.5,417,4.0,flagged for review
918,Luna918,,luna918@example.com,South Korea,65200.56,2023-07-23,Design,true,36.25,418,4.5,
919,Max919,38,max919@example.com,Portugal,66472.12,2024-08-24,Support,true,50,419,5.0,
920,Nina920,39,,USA,67743.68,2015-09-25,Engineering,true,60,420,,
921,Alice921,40,alice921@example.com,UK,69015.24,2016-10-26,Marketing,true,73.75,421,1.0,
922,Bob922,41,bob922@example.com,France,70286.8,2017-11-27,Sales,true,87.5,422,1.5,
923,Charlie923,42,charlie923@example.com,Germany,71558.36,2018-12-28,HR,true,101.25,0,2.0,
924,Diana924,43,diana924@example.com,Canada,64188,2019-01-01,Finance,false,15,424,2.5,flagged for review
925,Eve925,44,eve925@example.com,Australia,65459.56,2020-02-02,Operations,true,25,425,3.0,
926,Frank926,45,frank926@example.com,Japan,66731.12,2021-03-03,Legal,true,38.75,426,3.5,
927,Grace927,46,grace927@example.com,Brazil,68002.68,2022-04-04,Product,true,52.5,427,4.0,
928,Hank928,47,hank928@example.com,India,69274.24,2023-05-05,Design,true,66.25,428,4.5,VIP customer
929,Iris929,48,iris929@example.com,Mexico,70545.8,2024-06-06,Support,true,80,429,5.0,
930,Jake930,49,jake930@example.com,Spain,,2015-07-07,Engineering,true,90,430,,
931,Karen931,50,karen931@example.com,Italy,64447,2016-08-08,Marketing,true,,431,1.0,flagged for review
932,Leo932,51,leo932@example.com,Netherlands,65718.56,2017-09-09,Sales,true,17.5,432,1.5,
933,Mia933,52,mia933@example.com,Sweden,66990.12,2018-10-10,HR,true,31.25,433,2.0,
934,Noah934,53,noah934@example.com,Norway,68261.68,2019-11-11,Finance,true,45,434,2.5,
935,Olivia935,,olivia935@example.com,Denmark,69533.24,2020-12-12,Operations,false,55,435,3.0,
936,Paul936,55,paul936@example.com,Poland,70804.8,2021-01-13,Legal,true,68.75,0,3.5,
937,Quinn937,56,quinn937@example.com,Argentina,72076.36,2022-02-14,Product,true,82.5,437,4.0,
938,Rachel938,57,rachel938@example.com,South Korea,64706,2023-03-15,Design,true,96.25,438,4.5,flagged for review
939,Sam939,58,sam939@example.com,Portugal,65977.56,2024-04-16,Support,true,10,439,5.0,
940,Tara940,59,tara940@example.com,USA,67249.12,2015-05-17,Engineering,true,20,440,,
941,Uma941,60,uma941@example.com,UK,68520.68,2016-06-18,Marketing,true,33.75,441,1.0,
942,Victor942,61,victor942@example.com,France,69792.24,2017-07-19,Sales,true,47.5,442,1.5,
943,Wendy943,62,,Germany,71063.8,2018-08-20,HR,true,61.25,443,2.0,
944,Xander944,63,xander944@example.com,Canada,72335.36,2019-09-21,Finance,true,75,444,2.5,
945,Yara945,64,yara945@example.com,Australia,64965,2020-10-22,Operations,true,85,445,3.0,flagged for review
946,Zoe946,22,zoe946@example.com,Japan,66236.56,2021-11-23,Legal,false,98.75,446,3.5,
947,Aaron947,23,aaron947@example.com,Brazil,67508.12,2022-12-24,Product,true,12.5,447,4.0,
948,Bella948,24,bella948@example.com,India,68779.68,2023-01-25,Design,true,26.25,448,4.5,
949,Carl949,25,carl949@example.com,Mexico,70051.24,2024-02-26,Support,true,40,0,5.0,
950,Dora950,26,dora950@example.com,Spain,999999,2015-03-27,Engineering,true,,450,,
951,Eli951,27,eli951@example.com,Italy,72594.36,2016-04-28,Marketing,true,63.75,451,1.0,
952,Fiona952,,fiona952@example.com,Netherlands,65224,2017-05-01,Sales,true,77.5,452,1.5,flagged for review
953,George953,29,george953@example.com,Sweden,66495.56,2018-06-02,HR,true,91.25,453,2.0,
954,Helen954,30,helen954@example.com,Norway,67767.12,2019-07-03,Finance,true,5,454,2.5,
955,Ivan955,31,ivan955@example.com,Denmark,69038.68,2020-08-04,Operations,true,15,455,3.0,
956,Julia956,32,julia956@example.com,Poland,70310.24,2021-09-05,Legal,true,28.75,456,3.5,
957,Kyle957,33,kyle957@example.com,Argentina,71581.8,2022-10-06,Product,false,42.5,457,4.0,VIP customer
958,Luna958,34,luna958@example.com,South Korea,72853.36,2023-11-07,Design,true,56.25,458,4.5,
959,Max959,35,max959@example.com,Portugal,65483,2024-12-08,Support,true,70,459,5.0,flagged for review
960,Nina960,36,nina960@example.com,USA,66754.56,2015-01-09,Engineering,true,80,460,,
961,Alice961,37,alice961@example.com,UK,,2016-02-10,Marketing,true,93.75,461,1.0,
962,Bob962,38,bob962@example.com,France,69297.68,2017-03-11,Sales,true,7.5,0,1.5,
963,Charlie963,39,charlie963@example.com,Germany,70569.24,2018-04-12,HR,true,21.25,463,2.0,
964,Diana964,40,diana964@example.com,Canada,71840.8,2019-05-13,Finance,true,35,464,2.5,
965,Eve965,41,eve965@example.com,Australia,73112.36,2020-06-14,Operations,true,45,465,3.0,
966,Frank966,42,,Japan,65742,2021-07-15,Legal,true,58.75,466,3.5,flagged for review
967,Grace967,43,grace967@example.com,Brazil,67013.56,2022-08-16,Product,true,72.5,467,4.0,
968,Hank968,44,hank968@example.com,India,68285.12,2023-09-17,Design,false,86.25,468,4.5,
969,Iris969,,iris969@example.com,Mexico,69556.68,2024-10-18,Support,true,,469,5.0,
970,Jake970,46,jake970@example.com,Spain,70828.24,2015-11-19,Engineering,true,10,470,,
971,Karen971,47,karen971@example.com,Italy,72099.8,2016-12-20,Marketing,true,23.75,471,1.0,
972,Leo972,48,leo972@example.com,Netherlands,73371.36,2017-01-21,Sales,true,37.5,472,1.5,
973,Mia973,49,mia973@example.com,Sweden,66001,2018-02-22,HR,true,51.25,473,2.0,flagged for review
974,Noah974,50,noah974@example.com,Norway,67272.56,2019-03-23,Finance,true,65,474,2.5,
975,Olivia975,51,olivia975@example.com,Denmark,68544.12,2020-04-24,Operations,true,75,0,3.0,
976,Paul976,52,paul976@example.com,Poland,69815.68,2021-05-25,Legal,true,88.75,476,3.5,
977,Quinn977,53,quinn977@example.com,Argentina,71087.24,2022-06-26,Product,true,2.5,477,4.0,
978,Rachel978,54,rachel978@example.com,South Korea,72358.8,2023-07-27,Design,true,16.25,478,4.5,
979,Sam979,55,sam979@example.com,Portugal,73630.36,2024-08-28,Support,false,30,479,5.0,
980,Tara980,56,tara980@example.com,USA,66260,2015-09-01,Engineering,true,40,480,,flagged for review
981,Uma981,57,uma981@example.com,UK,67531.56,2016-10-02,Marketing,true,53.75,481,1.0,
982,Victor982,58,victor982@example.com,France,68803.12,2017-11-03,Sales,true,67.5,482,1.5,
983,Wendy983,59,wendy983@example.com,Germany,70074.68,2018-12-04,HR,true,81.25,483,2.0,
984,Xander984,60,xander984@example.com,Canada,71346.24,2019-01-05,Finance,true,95,484,2.5,
985,Yara985,61,yara985@example.com,Australia,72617.8,2020-02-06,Operations,true,5,485,3.0,
986,Zoe986,,zoe986@example.com,Japan,73889.36,2021-03-07,Legal,true,18.75,486,3.5,VIP customer
987,Aaron987,63,aaron987@example.com,Brazil,66519,2022-04-08,Product,true,32.5,487,4.0,flagged for review
988,Bella988,64,bella988@example.com,India,67790.56,2023-05-09,Design,true,,0,4.5,
989,Carl989,22,,Mexico,69062.12,2024-06-10,Support,true,60,489,5.0,
990,Dora990,23,dora990@example.com,Spain,70333.68,2015-07-11,Engineering,false,70,490,,
991,Eli991,24,eli991@example.com,Italy,71605.24,2016-08-12,Marketing,true,83.75,491,1.0,
992,Fiona992,25,fiona992@example.com,Netherlands,,2017-09-13,Sales,true,97.5,492,1.5,
993,George993,26,george993@example.com,Sweden,74148.36,2018-10-14,HR,true,11.25,493,2.0,
994,Helen994,27,helen994@example.com,Norway,66778,2019-11-15,Finance,true,25,494,2.5,flagged for review
995,Ivan995,28,ivan995@example.com,Denmark,68049.56,2020-12-16,Operations,true,35,495,3.0,
996,Julia996,29,julia996@example.com,Poland,69321.12,2021-01-17,Legal,true,48.75,496,3.5,
997,Kyle997,30,kyle997@example.com,Argentina,70592.68,2022-02-18,Product,true,62.5,497,4.0,
998,Luna998,31,luna998@example.com,South Korea,71864.24,2023-03-19,Design,true,76.25,498,4.5,
999,Max999,32,max999@example.com,Portugal,73135.8,2024-04-20,Support,true,90,499,5.0,
1000,Nina1000,33,nina1000@example.com,USA,999999,2015-05-21,Engineering,true,0,0,,
